#Tenor,Date,CHF,EUR,GBP,JPY,USD,CHF-LIBOR-3M,CHF-LIBOR-6M,CHF-TOIS,EUR-EONIA,EUR-EURIBOR-12M,EUR-EURIBOR-1M,EUR-EURIBOR-3M,EUR-EURIBOR-6M,GBP-LIBOR-3M,GBP-LIBOR-6M,GBP-SONIA,JPY-LIBOR-6M,JPY-TONAR,USD-FedFunds,USD-LIBOR-3M,USD-LIBOR-6M,USD-SIFMA
1M,2016-03-07,1.000740665893301,1.000145065934761,0.999381571890704,1.000293386662691,0.999280260715506,1.000774322592053,1.000755028420018,1.000662448624197,1.000145065934761,1.000033305514713,1.000033305514713,1.000033305514713,0.999978818208145,0.999496524847795,0.999496524847795,0.999513664034976,1.000293386662691,0.999943169792330,0.999616069994017,0.999382819071266,0.999382819071266,0.999572633553019
2M,2016-04-05,1.001434043521050,1.000333196277064,0.998803388611373,1.000060012839229,0.998607425202135,1.001462695262282,1.001495000148649,1.001356519734696,1.000333196277064,1.000043112763312,1.000278932751509,1.000043112763312,0.999959003389689,0.998892624899346,0.998892624899346,0.999075868507601,1.000060012839229,0.999918132400553,0.999215846902456,0.998501501063087,0.998501501063087,0.999173004483544
3M,2016-05-05,1.002151836277664,1.000566068777035,0.998205619978751,0.999982250528391,0.997911865196290,1.002166468519568,1.002172112943998,1.002098238041355,1.000566068777035,1.000038071905538,1.000476757607641,1.000038071905538,0.999938505714809,0.998346000520617,0.998346000520617,0.998605590927373,0.999982250528391,0.999934422367895,0.998795146666040,0.998001602216325,0.998001602216325,0.998759763231270
4M,2016-06-06,1.003033432966602,1.000815586792904,0.997601077352273,1.000032383635514,0.997051119601720,1.003004799206370,1.002876149058492,1.002895364153284,1.000815586792904,0.999994885330376,1.000743122237342,1.000322141457140,0.999916641991393,0.997670971384040,0.997375747765924,0.998157024746922,1.000032383635514,0.999977026036011,0.998306031113500,0.997318954976219,0.997320272501862,0.998184064435363
5M,2016-07-05,1.003836425848355,1.001098068370290,0.997053526853882,1.000087727956165,0.996271710215177,1.003776426792009,1.003514347777316,1.003948168449606,1.001098068370290,0.999920003004460,1.000967256645867,1.000427490042458,0.999896828404974,0.997059620478393,0.996497270723247,0.997719527510101,1.000087727956165,1.000061336687695,0.997854497704271,0.996666524909251,0.996669205262268,0.997628364116850
6M,2016-08-05,1.004695508440391,1.001296769289710,0.996468546584734,1.000146892513551,0.995439222198160,1.004601926531459,1.004197009316194,1.004536780741969,1.001296769289710,0.999884851601032,1.001245548920339,1.000478241517149,0.999875648798478,0.996406521702864,0.995559064675477,0.997289334800418,1.000146892513551,1.000201967090011,0.997372049898703,0.995969571635129,0.995973706833319,0.997034681737636
7M,2016-09-05,1.005373344627324,1.001625042579783,0.995946164635637,1.000206060571074,0.994617154767940,1.005428105156967,1.004887225504044,1.005584234491688,1.001625042579783,0.999856683444962,1.001502100370943,1.000799754223382,0.999924850046159,0.995753850723228,0.995320363779236,0.996838370073132,1.000206060571074,1.000358254878097,0.996868764789459,0.995239736371400,0.995166746008892,0.996441352655080
8M,2016-10-05,1.006029750552033,1.001896466437002,0.995440894460291,1.000263323314373,0.993822252042443,1.006228279774887,1.005761185949037,1.006582078030408,1.001896466437002,0.999827440013621,1.001774273236873,1.000939305100838,0.999982557729282,0.995122640700895,0.994715840338254,0.996437639888584,1.000263323314373,1.000510097928269,0.996377065137985,0.994529172746853,0.994370402468405,0.995867499407795
9M,2016-11-07,1.006752292073605,1.002319408145249,0.994885393331752,1.000326316118499,0.992948592784809,1.007109207404303,1.006649426535713,1.007507780486280,1.002319408145249,0.999785131312353,1.002045197693525,1.000976636062381,1.000046040027368,0.994428771811033,0.994127571333527,0.996055587127940,1.000326316118499,1.000677151904096,0.995836475636551,0.993748138695445,0.993495160569889,0.995236642537039
10M,2016-12-05,1.007365764545800,1.002608668241838,0.994320156662226,1.000379767669336,0.992067699539476,1.007857265926737,1.007264037599774,1.008142159510783,1.002608668241838,0.999748801104976,1.002369762582933,1.001139594944829,1.000099906955836,0.993840413994027,0.993324721624851,0.995827281795526,1.000379767669336,1.000819154574197,0.995372507571466,0.993045779347661,0.992753135247673,0.994701683444257
11M,2017-01-05,1.008045402269816,1.002906874747147,0.993694733502562,1.000438949503606,0.991093336410693,1.008686121723923,1.008042251356690,1.008719088604729,1.002906874747147,0.999713020476930,1.002705548176655,1.001332518752488,1.000159548725414,0.993189423878572,0.992425400963599,0.995243703076051,1.000438949503606,1.000976426950417,0.994857046148752,0.992265330063477,0.991932253651670,0.994109742714345
1Y,2017-02-06,1.008747444750388,1.003183604766309,0.993049548027591,1.000500044101700,0.990088545980277,1.009542429794798,1.008786078895608,1.009616630443374,1.003183604766309,0.999670765791393,1.003064740345138,1.001531704904331,1.000221118153783,0.992517881348319,0.991439984654858,0.995071419438192,1.000500044101700,1.001138798552210,0.994325236927499,0.991460348355224,0.991085603960017,0.993499076608155
1Y1M,2017-03-06,1.009362132984647,1.003490040069722,0.993158347065353,1.000553504935537,0.988831579828259,1.010292295661195,1.009421533047398,1.010571815391578,1.003490040069722,0.999985763861720,1.003349391211061,1.001696627848633,1.000274994512738,0.991998839044445,0.990824380928883,0.994735981455129,1.000553504935537,1.001321679810370,0.993809592131053,0.990725406152430,0.990335017505414,0.992918413777526
1Y2M,2017-04-05,1.010021143180022,1.003830765547987,0.993274930690630,1.000610787570355,0.987486601153878,1.011096341467675,1.010102772768229,1.011614381696655,1.003830765547987,1.000368745701773,1.003650358645566,1.001872152691215,1.000332722403405,0.991443023497221,0.990165229671231,0.994376709094809,1.000610787570355,1.001524945634643,0.993239371190095,0.989934574863462,0.989530117510891,0.992268909507392
1Y3M,2017-05-05,1.010680583641626,1.004171606716341,0.993391528001279,1.000668073484657,0.986143451878629,1.011901027177738,1.010784472245012,1.012658023575465,1.004171606716341,1.000751874219004,1.003951416359088,1.002047708290584,1.000390453625666,0.990887519372662,0.989506516917504,0.994017566494175,1.000668073484657,1.001728252721377,0.992669477426419,0.989144374843384,0.988725871703072,0.991619830101770
1Y4M,2017-06-05,1.011362457768928,1.004473704972472,0.993512026267901,1.000727272374917,0.984757450203189,1.012733208540031,1.011489378366446,1.013459834077987,1.004473704972472,1.001147927839006,1.004262604201616,1.002223810929037,1.000450112722229,0.990313825425415,0.988826307434853,0.993646588743497,1.000727272374917,1.001938380068404,0.992072074769069,0.988309127557185,0.987895504396360,0.990949560764521
1Y5M,2017-07-05,1.012022773971715,1.004756794967729,0.993628651410428,1.000784564958085,0.983418013036153,1.013539196958340,1.012172013637423,1.014184662442193,1.004756794967729,1.001531354773094,1.004563845565994,1.002393496996533,1.000507850719322,0.989758953988940,0.988168485406357,0.993287709843048,1.000784564958085,1.002141771081305,0.991492229826152,0.987498720524142,0.987092587128948,0.990301344393192
1Y6M,2017-08-07,1.012749619747966,1.005068286112765,0.993756954879504,1.000847590588040,0.981946736307292,1.014426525112441,1.012923444553405,1.014982572407473,1.005068286112765,1.001953294011784,1.004895315435022,1.002580184853507,1.000571366364796,0.989148954484311,0.987445386614496,0.992893092759055,1.000847590588040,1.002365548883311,0.990854791818887,0.986608040297202,0.986210131838765,0.989588796119518
1Y7M,2017-09-05,1.013388793942570,1.005353466093452,0.993869720089663,1.000902980024306,0.980655613376392,1.015206939613946,1.013584253447843,1.015940162552009,1.005353466093452,1.002324235844109,1.005186697427471,1.002744272582013,1.000627186472828,0.988613204678158,0.986834405061609,0.992546437473079,1.000902980024306,1.002643002797839,0.990343059732728,0.985825984525476,0.985934710032385,0.988963040592031
1Y8M,2017-10-05,1.014050433135545,1.005649922063649,0.993986387220703,1.000960282666903,0.979321755403195,1.016014896762597,1.014268302510847,1.016962300392178,1.005649922063649,1.002708113289216,1.005488215985387,1.002914046768641,1.000684934689205,0.988059286097084,0.986202752999937,0.992187955918208,1.000960282666903,1.002939747822415,0.989821917570646,0.985017613653509,0.985688140816039,0.988316123676243
1Y9M,2017-11-06,1.014756657755884,1.005966238120053,0.994110847255645,1.001021409101661,0.977900973236774,1.016877426480702,1.014998463695358,1.018053714276294,1.005966238120053,1.003117744614288,1.005809935470916,1.003095170917204,1.000746536460127,0.987468781691810,0.985529436430942,0.991805718301062,1.001021409101661,1.003256372652470,0.989266334864832,0.984156081994503,0.985425201618655,0.987626545388903
1Y10M,2017-12-05,1.015397098647485,1.006302063783992,0.994223652623257,1.001076808157483,0.976615169919740,1.017659726499711,1.015660626286478,1.018801502612956,1.006302063783992,1.003489117547985,1.006101582668908,1.003259342931131,1.000802366340590,0.986933941912649,0.984919640371687,0.991459442657272,1.001076808157483,1.003543400244040,0.988610665473392,0.983375969819488,0.985186973557076,0.987002030668956
1Y11M,2018-01-05,1.016082154857837,1.006669571130506,0.994344251826490,1.001136031228227,0.975242560022884,1.018496643781939,1.016368932965527,1.019559998601920,1.006669571130506,1.003886254448625,1.006413436983542,1.003434866865792,1.000862050001903,0.986362536967347,0.984268206646476,0.991089419625161,1.001136031228227,1.003850313650149,0.987858450766294,0.982542740604931,0.984932379660409,0.986334882658320
2Y,2018-02-05,1.016767673253882,1.007037212692833,0.994464865658390,1.001195257802572,0.973871879297298,1.019334249339942,1.017077733607163,1.020319059289859,1.007037212692833,1.004283548518600,1.006725387961491,1.003610421509014,1.000921737222499,0.985791462848251,0.983617203784738,0.990719534689516,1.001195257802572,1.004157320919501,0.987106808404798,0.981710217397989,0.984677851556383,0.985668185595558
2Y1M,2018-03-05,1.017272288757284,1.007258232916014,0.994271680505592,1.001289882568128,0.972564403148555,1.020003615720382,1.017654255174634,1.021087166367014,1.007258232916014,1.004418615608059,1.006945706481419,1.003685773518679,1.000899285738722,0.985146432020753,0.982899819962940,0.990293865435125,1.001289882568128,1.004366821129304,0.986452092739338,0.980817168192838,0.983922278629073,0.984977736851717
2Y2M,2018-04-05,1.017810039258436,1.007461960802820,0.994002110852461,1.001402245982744,0.971105788535407,1.020729005567407,1.018281091247022,1.021968540638045,1.007461960802820,1.004526857142032,1.007178331306655,1.003753845296268,1.000860339044944,0.984432783051475,0.982106183874759,0.989822802092039,1.001402245982744,1.004568753314412,0.985738221700845,0.979803264446693,0.982989530517010,0.984159390083461
2Y3M,2018-05-07,1.018365434720016,1.007672303778283,0.993723922064773,1.001518247249614,0.969602416363465,1.021478336192107,1.018928552831073,1.022879144330196,1.007672303778283,1.004638602573583,1.007418516528025,1.003824117780198,1.000820137595806,0.983696655401072,0.981287618773574,0.989336778190570,1.001518247249614,1.004777242025992,0.985001864437062,0.978757753482475,0.982027621227897,0.983315358183517
2Y4M,2018-06-05,1.018869023632213,1.007862965033253,0.993471880726137,1.001623385004533,0.968241995746043,1.022157892213843,1.019515670481656,1.023705079747160,1.007862965033253,1.004739882608208,1.007636233859326,1.003887806468284,1.000783706427313,0.983030015193484,0.980546383478791,0.988896525169900,1.001623385004533,1.004966222295799,0.984335015808927,0.977811222846319,0.981156704009455,0.982551079535860
2Y5M,2018-07-05,1.019390239737910,1.008060238776667,0.993211215577228,1.001732159813933,0.966836672670681,1.022861356944361,1.020123389573953,1.024560197505110,1.008060238776667,1.004844665802306,1.007861508198402,1.003953695570236,1.000746020407155,0.982340862799675,0.979780177541682,0.988441297171147,1.001732159813933,1.005161756530058,0.983645647474624,0.976833016467305,0.980256567942583,0.981761071558592
2Y6M,2018-08-06,1.019946497478444,1.008270706663614,0.992933248135346,1.001848199297635,0.965339909531520,1.023612252956329,1.020772022560875,1.025473110438903,1.008270706663614,1.004956446587482,1.008101856339275,1.004023982045619,1.000705823549841,0.981606299420969,0.978963551118453,0.987955951617773,1.001848199297635,1.005370368313827,0.982910853386741,0.975790674942240,0.979297333007576,0.980919096497573
2Y7M,2018-09-05,1.020468264780329,1.008468060216209,0.992672724311770,1.001956998521532,0.963938798593972,1.024316718600205,1.021380490547149,1.026329705062086,1.008468060216209,1.005061252366793,1.008327234776230,1.004089880085310,1.000668140462480,0.980918145121947,0.978198582017838,0.987501156602052,1.001956998521532,1.005565981181955,0.982222482449119,0.974814489927681,0.978398902771071,0.980130400695972
2Y8M,2018-10-05,1.020990298999271,1.008665452397740,0.992412268843910,1.002065809560864,0.962539721252922,1.025021669068136,1.021989321232716,1.027187015212903,1.008665452397740,1.005166069076182,1.008552663600396,1.004155782450148,1.000630458794132,0.980230473252937,0.977434210669535,0.987046570946380,1.002065809560864,1.005761632110080,0.981534593604604,0.973839281492635,0.977501296775440,0.979342339035423
2Y9M,2018-11-05,1.021530014915084,1.008869464908531,0.992143203319547,1.002178260048972,0.961096141271370,1.025750627574031,1.022618827539880,1.028073654705168,1.008869464908531,1.005274391159747,1.008785659665230,1.004223886104590,1.000591522560868,0.979520385448572,0.976644987752148,0.986577052277507,1.002178260048972,1.005963844727818,0.980824281238894,0.972832591023027,0.976574635687557,0.978528674311662
2Y10M,2018-12-05,1.022052592286540,1.009066935658885,0.991882886786337,1.002287095116976,0.959701189812020,1.026456564880099,1.023228396380882,1.028932421605920,1.009066935658885,1.005379230097141,1.009011190978132,1.004289797264770,1.000553843777683,0.978833693477846,0.975881830393484,0.986122892023433,1.002287095116976,1.006159573067445,0.980137371609406,0.971859365287817,0.975678703317139,0.977741900499295
2Y11M,2019-01-07,1.022627736168240,1.009284198127482,0.991596617487149,1.002406827343152,0.958169081571847,1.027233657071236,1.023899341789920,1.029877893750023,1.009284198127482,1.005494565556552,1.009259333659460,1.004362304537519,1.000512398754951,0.978078888319652,0.975043046049785,0.985623557213605,1.002406827343152,1.006374918226567,0.979382326639496,0.970789941471567,0.974694127032051,0.976877179934138
3Y,2019-02-05,1.023133432818657,1.009475164368306,0.991345115703495,1.002512058379763,0.956824702730018,1.027917041919117,1.024489323662854,1.030709480386930,1.009475164368306,1.005595931882865,1.009477448817272,1.004426027371435,1.000475978788556,0.977416055209905,0.974306527718323,0.985184956569342,1.002512058379763,1.006564198990122,0.978719282451947,0.969851116294851,0.973829713567912,0.976117905339479
3Y1M,2019-03-05,1.023458045684004,1.009558653549129,0.991032664917586,1.002565312776071,0.955374122838482,1.028396861594669,1.024879502967823,1.031510021359986,1.009558653549129,1.005535827468705,1.009533753780052,1.004361641410392,1.000288232613316,0.976672103825815,0.973467530539749,0.984679320831272,1.002565312776071,1.006721705887716,0.977895637006998,0.968808517761590,0.972864099687097,0.975290538570544
3Y2M,2019-04-05,1.023768062182780,1.009613848580493,0.990665820089038,1.002606429263293,0.953724166515258,1.028873848890623,1.025257359344030,1.032395949042764,1.009613848580493,1.005421592244079,1.009549496077170,1.004252347691258,1.000034353779405,0.975849103853697,0.972539483519295,0.984119812539049,1.002606429263293,1.006884919788125,0.976903201892239,0.967614203254341,0.971756413958933,0.974325659316149
3Y3M,2019-05-06,1.024078172588901,1.009669046629504,0.990299111053319,1.002647547436755,0.952077059710148,1.029351057421091,1.025635355029726,1.033282637617674,1.009669046629504,1.005307369997296,1.009565238619767,1.004143065865366,0.999780539381385,0.975026797388592,0.971612321244603,0.983560622167110,1.002647547436755,1.007048160149449,0.975911773968248,0.966421361057788,0.970649989422000,0.973361734640866
3Y4M,2019-06-05,1.024378368872630,1.009722466969646,0.989944360586846,1.002687340823114,0.950485793868094,1.029813082869371,1.026001289995774,1.034141448421513,1.009722466969646,1.005196844694366,1.009580473572142,1.004037320582397,0.999534973880737,0.974231676699103,0.970715909031732,0.983019772726569,1.002687340823114,1.007206159891022,0.974953285607174,0.965268397768083,0.969580455468653,0.972429812306883
3Y5M,2019-07-05,1.024678653155314,1.009775890136192,0.989589737201062,1.002727135788805,0.948897187608009,1.030275315698323,1.026367355523232,1.035000973024238,1.009775890136192,1.005086331542787,1.009595708754422,1.003931586435356,0.999289468695741,0.973437204419393,0.969820323851246,0.982479220693337,1.002727135788805,1.007364184421795,0.973995738622117,0.964116809990552,0.968512100006926,0.971498782220053
3Y6M,2019-08-05,1.024989039389279,1.009831097044410,0.989223426492720,1.002768258912596,0.947258417122859,1.030753174252034,1.026745760446437,1.035889898962637,1.009831097044410,1.004972147383739,1.009611452017643,1.003822339514413,0.999035843353785,0.972616930359186,0.968895753864380,0.981920962528181,1.002768258912596,1.007527502483490,0.973007261389933,0.962928279262607,0.967409369388047,0.970537654244785
3Y7M,2019-09-05,1.025299519642587,1.009886306970924,0.988857251379493,1.002809383722899,0.945622476837586,1.031231254444364,1.027124304881372,1.036779588368263,1.009886306970924,1.004857976196733,1.009627195526359,1.003713104481620,0.998782282383381,0.971797347508983,0.967972065308475,0.981363021572968,1.002809383722899,1.007690847022987,0.972019787331787,0.961741213715310,0.966307894318602,0.969577477137395
3Y8M,2019-10-07,1.025620114035715,1.009943301028897,0.988479406339346,1.002851836909053,0.943936727720670,1.031724989165753,1.027515206816528,1.037698778933736,1.009943301028897,1.004740135673119,1.009643447147699,1.003600358206289,0.998520609529311,0.970952050900097,0.967019503996116,0.980787415055191,1.002851836909053,1.007859488518490,0.971001510429071,0.960517390654892,0.965172203234809,0.968587322949942
3Y9M,2019-11-05,1.025910739291894,1.009994954672265,0.988137108980459,1.002890311661391,0.942411613496750,1.032172640441457,1.027869590195921,1.038532499282989,1.009994954672265,1.004633354635290,1.009658175405498,1.003498192833688,0.998283527722520,0.970186635963093,0.966157055025722,0.980266063275339,1.002890311661391,1.008012344251740,0.970079618429635,0.959409646229109,0.964144136162070,0.967690869161194
3Y10M,2019-12-05,1.026211472770662,1.010048392255799,0.987783132998418,1.002930114682652,0.940836502118509,1.032635932360636,1.028236322311527,1.039395673498882,1.010048392255799,1.004522903434822,1.009673411760346,1.003392515461641,0.998038329916984,0.969395462357418,0.965265675856542,0.979727025477410,1.002930114682652,1.008170495267945,0.969126858099878,0.958265048079208,0.963081770839056,0.966764376264188
3Y11M,2020-01-06,1.026532352316620,1.010105395461236,0.987405698381820,1.002972572979862,0.939159284897623,1.033130339616199,1.028627647457158,1.040317183439464,1.010105395461236,1.004405102205468,1.009689664125613,1.003279805197813,0.997776851972424,0.968552254975652,0.964315777846132,0.979152378533200,1.002972572979862,1.008339217034691,0.968111611797008,0.957045648466186,0.961949871382851,0.965777094878213
4Y,2020-02-05,1.026833268013821,1.010158838888055,0.987051984409759,1.003012379265936,0.937589609339260,1.033594061399794,1.028994650038925,1.041181840992036,1.010158838888055,1.004294676099484,1.009704900955645,1.003174150823945,0.997531778616284,0.967762414184768,0.963426097444366,0.978613953138569,1.003012379265936,1.008497419335250,0.967160784338134,0.955903870620914,0.960889923863072,0.964852434279450
4Y1M,2020-03-05,1.027090059591023,1.010091621727041,0.986563985630813,1.002916233650552,0.936020945989022,1.033956677081773,1.029264646633109,1.041668585358902,1.010091621727041,1.004045797050671,1.009585641492979,1.002916685703183,0.997158123521449,0.966776765077110,0.962445240057884,0.977893991193770,1.002916233650552,1.008535764172418,0.966151731290811,0.954657374381866,0.959711219859837,0.963857253186923
4Y2M,2020-04-06,1.027365631450890,1.009983240506929,0.985992197394440,1.002779209833431,0.934280707240228,1.034337210897204,1.029543134905850,1.042083106384641,1.009983240506929,1.003738578155592,1.009423265738533,1.002596965392293,0.996714542400384,0.965690317237960,0.961364073528375,0.977100165109076,1.002779209833431,1.008537840387978,0.965007671612104,0.953250747127734,0.958376632950885,0.962717411420731
4Y3M,2020-05-05,1.027615432312795,1.009885030071126,0.985474300558804,1.002655048169805,0.932706410703042,1.034682190637265,1.029795579988032,1.042458908544918,1.009885030071126,1.003460242229744,1.009276135268998,1.002307306900097,0.996312717455097,0.964706778524833,0.960385315474052,0.976381316851417,1.002655048169805,1.008539721962020,0.963972037744133,0.951977781489385,0.957168766698960,0.961685594188352
4Y4M,2020-06-05,1.027882527986772,1.009780057062383,0.984920987511735,1.002522340633081,0.931026475353964,1.035051089321092,1.030065503526706,1.042860777962810,1.009780057062383,1.003162796072523,1.009118881585218,1.001997764500317,0.995883359581876,0.963656517254780,0.959340158757692,0.975613477662090,1.002522340633081,1.008541733303672,0.962866209867980,0.950618904866186,0.955879282681718,0.960583840024406
4Y5M,2020-07-06,1.028149693083702,1.009675094965112,0.984367985132664,1.002389650661012,0.929349565804585,1.035420119529594,1.030335497816040,1.043262802301944,1.009675094965112,1.002865438084431,1.008961652402880,1.001688317696465,0.995454186739098,0.962607399387842,0.958296139452061,0.974846242311663,1.002389650661012,1.008543744649335,0.961761650550709,0.949261967937079,0.954591535838827,0.959483348084044
4Y6M,2020-08-05,1.028408306068595,1.009573529130053,0.983833117173032,1.002261257732325,0.927729625942671,1.035777370810999,1.030596849993689,1.043652005675918,1.009573529130053,1.002577756213643,1.008809518454690,1.001388944039824,0.995039034280091,0.961593211532314,0.957286879989163,0.974104330976453,1.002261257732325,1.008545691116699,0.960693928645485,0.947950647406187,0.953346981033701,0.958419556326614
4Y7M,2020-09-07,1.028692855484837,1.009461818511819,0.983245098085330,1.002120044505176,0.925950953279475,1.036170489590375,1.030884413959207,1.044080297092616,1.009461818511819,1.002261401470535,1.008642197606285,1.001059736358413,0.994582566547510,0.960478839002576,0.956177922224568,0.973288880644744,1.002120044505176,1.008547832235138,0.959520803585392,0.946510286976066,0.951979844765282,0.957250747596118
4Y8M,2020-10-05,1.028934353094177,1.009367043438394,0.982746448414850,1.002000242824348,0.924444450974940,1.036504161922902,1.031128470549132,1.044443833700504,1.009367043438394,1.001993057547278,1.008500250164868,1.000780493502665,0.994195424810345,0.959534323598165,0.955237995859660,0.972597518743723,1.002000242824348,1.008549648945257,0.958526548213632,0.945289879380530,0.950821387922790,0.956260148958955
4Y9M,2020-11-05,1.029201791579310,1.009262124272033,0.982194666971579,1.001867621955122,0.922779396576653,1.036873710200213,1.031398743456694,1.044846468309916,1.009262124272033,1.001696046293630,1.008343117370492,1.000471422628414,0.993766979377817,0.958489693499367,0.954198440807111,0.971832655183304,1.001867621955122,1.008551660306706,0.957426967172331,0.943940549234162,0.949540455003086,0.955164610451050
4Y10M,2020-12-07,1.029477930024264,1.009153832055674,0.981625411084903,1.001730741404979,0.921063776355340,1.037255317590358,1.031677809152298,1.045262253940654,1.009153832055674,1.001389546377539,1.008180941456242,1.000152481844160,0.993324906791342,0.957412558535054,0.953126538350980,0.971043749516034,1.001730741404979,1.008553736554990,0.956293238842739,0.942549712543991,0.948220011692074,0.954035048461470
4Y11M,2021-01-05,1.029728244485212,1.009055702271274,0.981109807923413,1.001606709560144,0.919511750821251,1.037601270598786,1.031930777658898,1.045639202583886,1.009055702271274,1.001111861836374,1.008033992064121,0.999863529583325,0.992924448375874,0.956437450574517,0.952156166873734,0.970329356936464,1.001606709560144,1.008555618158689,0.955266957192353,0.941291037006500,0.947024946086189,0.953012536775675
5Y,2021-02-05,1.029995889316951,1.008950815467427,0.980558945402672,1.001474140777455,0.917855580909292,1.037971210031903,1.032201260862152,1.046042298009732,1.008950815467427,1.000815111787174,1.007876931916666,0.999554741894889,0.992496550666696,0.955396191993228,0.951119965677405,0.969566277088507,1.001474140777455,1.008557629532042,0.954171115415755,0.939947414906609,0.945749127678409,0.951920718891503
5Y1M,2021-03-05,1.029881442781709,1.008626391167382,0.979777099027561,1.001357245834588,0.916113601989125,1.037984095334804,1.032183095393494,1.046317248183887,1.008626391167382,1.000312163085335,1.007575746241019,0.999101889337287,0.991846895895366,0.954263567615438,0.949973996086330,0.968717442008277,1.001357245834588,1.008485136592068,0.953053133857237,0.938593637616731,0.944478608887256,0.950830117952104
5Y2M,2021-04-06,1.029682827744315,1.008198709723269,0.978830180673439,1.001224207206851,0.914079565711548,1.037937619257207,1.032112337383400,1.046609381190815,1.008198709723269,0.999692945631550,1.007201305862994,0.998551466894802,0.991054842280315,0.952970783819980,0.948666007154723,0.967748254699988,1.001224207206851,1.008383834234538,0.951736810260339,0.937021882248818,0.943005924610761,0.949552403494534
5Y3M,2021-05-05,1.029502865952163,1.007811280058671,0.977972826427596,1.001103656217902,0.912240121515887,1.037895502109377,1.032048217126553,1.046874197180124,1.007811280058671,0.999132110912480,1.006862089466562,0.998052908487869,0.990337590044564,0.951800711368790,0.947482197839398,0.966870766288564,1.001103656217902,1.008292037762622,0.950545462453319,0.935599752540654,0.941673288049220,0.948395957902801
5Y4M,2021-06-07,1.029298120102824,1.007370592916777,0.976998129853975,1.000966495162141,0.910151463119738,1.037847577778637,1.031975257541884,1.047175621018577,1.007370592916777,0.998494302392004,1.006476223568217,0.997485886186987,0.989522037875750,0.950470997049014,0.946136901301854,0.965873212784547,1.000966495162141,1.008187589873291,0.949191604717394,0.933984092305041,0.940159130207131,0.947081715690333
5Y5M,2021-07-05,1.029124428284671,1.006996827673673,0.976171876419697,1.000850130821747,0.908383018761465,1.037806916445491,1.031913356484534,1.047431442637290,1.006996827673673,0.997953450828198,1.006148938168735,0.997005028988407,0.988830580923389,0.949344211501132,0.944996935622431,0.965027610905191,1.000850130821747,1.008098975906609,0.948044389229131,0.932615417228702,0.938876299665652,0.945968029392692
5Y6M,2021-08-05,1.028932160817556,1.006583177914265,0.975257910887562,1.000721314652694,0.906429106027328,1.037761900399154,1.031844827502093,1.047714746614962,1.006583177914265,0.997354992602112,1.005786710616624,0.996472921762597,0.988065602885423,0.948098257021629,0.943736432822141,0.964092272331396,1.000721314652694,1.008000876671445,0.946775875074930,0.931102437803139,0.937458064656000,0.944736547085968
5Y7M,2021-09-06,1.028733728851403,1.006156362840894,0.974315360161751,1.000588360513697,0.904416572122463,1.037715434270409,1.031774092680873,1.048007269805097,1.006156362840894,0.996737605708471,1.005412935089036,0.995923947663638,0.987276568876332,0.946813825649862,0.942437032192681,0.963127712436174,1.000588360513697,1.007899622957836,0.945468221407930,0.929543227090386,0.935996327207739,0.943467021098080
5Y8M,2021-10-05,1.028553932937066,1.005769718007461,0.973461960432852,1.000467886082972,0.902596573211585,1.037673326138339,1.031709993437568,1.048272439492034,1.005769718007461,0.996178428955722,1.005074320999895,0.995426701128797,0.986562051075579,0.945651312808327,0.941260995811697,0.962254413618760,1.000467886082972,1.007807870565253,0.944284720381134,0.928132447829719,0.934673596464960,0.942317986802049
5Y9M,2021-11-05,1.028361772053463,1.005356572314804,0.972550532127886,1.000339119111398,0.900655106999908,1.037628315886633,1.031641477960392,1.048555970938296,1.005356572314804,0.995581035184537,1.004712480324848,0.994895436265498,0.985798828015206,0.944410205025747,0.940005476268406,0.961321762924944,1.000339119111398,1.007709799657874,0.943021236785843,0.926626741113079,0.933261709917630,0.941091256202285
5Y10M,2021-12-06,1.028169647070560,1.004943596332329,0.971639957170650,1.000210368713003,0.898717816841147,1.037583307587297,1.031572967033302,1.048839579072715,1.004943596332329,0.994983999661740,1.004350769917455,0.994364454941262,0.985036195398626,0.943170726118956,0.938751631424619,0.960390016188859,1.000210368713003,1.007611738293885,0.941759443772599,0.925123477100302,0.931851956118706,0.939866122587812
5Y11M,2022-01-05,1.027983753843680,1.004544103676778,0.970759567347283,1.000085787331130,0.896846987611100,1.037539753027422,1.031506670468123,1.049114111594513,1.004544103676778,0.994406564247186,1.004000851575704,0.993850871871261,0.984298725585089,0.941972779295812,0.937539825621629,0.959489185662017,1.000085787331130,1.007516849285404,0.940539961288427,0.923671027521884,0.930489705874831,0.938682027997010
6Y,2022-02-07,1.027779310112877,1.004104845177974,0.969792059868001,0.999948765733426,0.894793573223206,1.037491845123227,1.031433749167538,1.049416180365856,1.004104845177974,0.993771772338721,1.003616082207003,0.993286236867136,0.983488146477033,0.940656795100268,0.936208645907545,0.958499247986170,0.999948765733426,1.007412481697015,0.939200354343957,0.922075966657554,0.928993530605750,0.937381246888656
6Y1M,2022-03-07,1.027605874590604,1.003536462783508,0.968971900652219,0.999716845520326,0.893054969583585,1.037451197727160,1.031244127821164,1.049609781902690,1.003536462783508,0.992929714178483,1.003001760388233,0.992624735639943,0.982800905879637,0.939541644311315,0.934907709470311,0.957471390057286,0.999716845520326,1.007323935857942,0.938065214517887,0.920690014374086,0.927617367923227,0.936252257038818
6Y2M,2022-04-05,1.027426275795874,1.002923798403819,0.968123181242531,0.999467486136666,0.891257834146116,1.037409100317208,1.031037595547127,1.049802533108124,1.002923798403819,0.992034158891545,1.002342970630710,0.991925532007287,0.982089627232919,0.938388060367906,0.933562216737570,0.956407984888632,0.999467486136666,1.007232235872035,0.936890980292511,0.919253997485328,0.926185569835909,0.935081064043845
6Y3M,2022-05-05,1.027240516970632,1.002290401267335,0.967245977922266,0.999209593605198,0.889402534099334,1.037365553070019,1.030823984997727,1.050001968155842,1.002290401267335,0.991108572368523,1.001661919325178,0.991202736186409,0.981354363434842,0.937196188138771,0.932172365374677,0.955309153411179,0.999209593605198,1.007137382602130,0.935677801972293,0.917770819694484,0.924706724996642,0.933871026802025
6Y4M,2022-06-06,1.027042411241939,1.001615218562417,0.966311170433549,0.998934581584146,0.887427804092271,1.037319104687855,1.030596182524613,1.050214740633971,1.001615218562417,0.990122231925240,1.000935974641248,0.990432334493648,0.980570688782614,0.935926526290296,0.930692137849624,0.954138457982195,0.998934581584146,1.007036215626523,0.934385476575024,0.916191400957231,0.923131893062661,0.932582046268042
6Y5M,2022-07-05,1.026862910925955,1.001003727112604,0.965464781549007,0.998685417320588,0.885641992457771,1.037277012637939,1.030389780017729,1.050407602934526,1.001003727112604,0.989229208796961,1.000278541729291,0.989734675185640,0.979861024202172,0.934777381045402,0.929352712048327,0.953078754498241,0.998685417320588,1.006944541832727,0.933215848505133,0.914762400637288,0.921707018405787,0.931415444477109
6Y6M,2022-08-05,1.026671065969669,1.000350476658656,0.964560840804408,0.998419138040377,0.883736995192070,1.037232019576778,1.030169188566792,1.050613805249047,1.000350476658656,0.988275488532063,0.999576246120470,0.988989444870451,0.979102985182916,0.933550544613325,0.927923043644725,0.951947269482465,0.998419138040377,1.006846554936830,0.931967175419566,0.913237313190275,0.920186308517393,0.930170001126991
6Y7M,2022-09-05,1.026479256855058,0.999697652512966,0.963657746397124,0.998152929758153,0.881836095535351,1.037187028467241,1.029948644341272,1.050820048042516,0.999697652512966,0.987322687753100,0.998874443593428,0.988244775683649,0.978345532596982,0.932325318326787,0.926495574569448,0.950817127753731,0.998152929758153,1.006748577576146,0.930720173099103,0.911714768361672,0.918668107624285,0.928926223123037
6Y8M,2022-10-05,1.026293669250983,0.999066292850887,0.962784589146976,0.997895376421583,0.880000408390039,1.037143490541946,1.029735259400973,1.051019676391482,0.999066292850887,0.986401497121238,0.998195749011030,0.987524661954524,0.977613071900746,0.931141146551416,0.925116243750417,0.949724719695889,0.997895376421583,1.006653769853405,0.929514985345197,0.910243754800982,0.917201265952157,0.927724150524090
6Y9M,2022-11-07,1.026089561641445,0.998372257752497,0.961825029929359,0.997612144507920,0.877985565808303,1.037095600934983,1.029500587027837,1.051239311378038,0.998372257752497,0.985389180104157,0.997449717581243,0.986733142903368,0.976807998490361,0.929840294701325,0.923601351517817,0.948524520398753,0.997612144507920,1.006549491670487,0.928191081225641,0.908628381035356,0.915590445109269,0.926403667232244
6Y10M,2022-12-05,1.025916411260550,0.997783757593392,0.961011608480669,0.997371889563381,0.876279620497643,1.037054969063177,1.029301513015346,1.051425704329291,0.997783757593392,0.984531059217353,0.996817158481780,0.986062048514724,0.976125425838287,0.928737966898414,0.922317933919699,0.947507358986179,0.997371889563381,1.006461021683339,0.927069247468202,0.907260009186202,0.914225906729342,0.925284731202744
6Y11M,2023-01-05,1.025724743135256,0.997132608476824,0.960111837131637,0.997105960508796,0.874394761496767,1.037009985633407,1.029081154546530,1.051632106504193,0.997132608476824,0.983581868459289,0.996117293110292,0.985319583539377,0.975370276748573,0.927519056816989,0.920899087456880,0.946382488272221,0.997105960508796,1.006363081839327,0.925828798734263,0.905747429689905,0.912717539809240,0.924047485543704
7Y,2023-02-06,1.025526929727081,0.996460900266408,0.959183924526319,0.996831527469765,0.872453353071059,1.036963553171891,1.028853737222669,1.051845209313680,0.996460900266408,0.982603018509658,0.995395366840008,0.984553754463895,0.974591380774901,0.926262505013771,0.919436761145048,0.945222732135546,0.996831527469765,1.006261992642251,0.924550076435193,0.904188702357360,0.911163126188638,0.922772064005656
7Y1M,2023-03-06,1.025284153724197,0.995717990750755,0.957980854951634,0.996420570765707,0.870670568105192,1.036746311183697,1.028471548498708,1.051964436863065,0.995717990750755,0.981747323936748,0.994542815124753,0.983589454020142,0.973538522726319,0.924830040881429,0.918036457498661,0.944028243194079,0.996420570765707,1.005979572430453,0.923251271749118,0.902731545880330,0.909776973614392,0.921600042663414
7Y2M,2023-04-05,1.025015138900298,0.994894881339933,0.956643220801722,0.995958488306376,0.868753247607656,1.036490902013526,1.028038670466099,1.052080181651042,0.994894881339933,0.980831335224157,0.993601754555136,0.982519480675188,0.972363981028334,0.923297716101776,0.916538498682331,0.942750108634826,0.995958488306376,1.005642443174565,0.921797050495118,0.901160659713887,0.908290528796593,0.920311796272469
7Y3M,2023-05-05,1.024746194660710,0.994072452351789,0.955307454398027,0.995496620134270,0.866840149278670,1.036235555765059,1.027605974629480,1.052195939174103,0.994072452351789,0.979916201146258,0.992661584439888,0.981450671274149,0.971190856375661,0.921767930187780,0.915042984083328,0.941473704561884,0.995496620134270,1.005305426899235,0.920345119797894,0.899592507121295,0.906806512615989,0.919025350639648
7Y4M,2023-06-05,1.024468359746204,0.993223323288397,0.953929121848508,0.995019581371505,0.864867706751892,1.035971764061256,1.027159046923858,1.052315568661669,0.993223323288397,0.978971459593316,0.991691009897590,0.980347456335873,0.969980114436739,0.920189814161124,0.913500182547433,0.940156569169817,0.995019581371505,1.004957295400198,0.918847193935569,0.897974949494054,0.905275576432750,0.917697912608410
7Y5M,2023-07-05,1.024199558970940,0.992402276092263,0.952597145156714,0.994558148610347,0.862963164847575,1.035716545705786,1.026726721315962,1.052431352083723,0.992402276092263,0.978058060814351,0.990752647775351,0.979281009717535,0.968809865839455,0.918665177642094,0.912009625564659,0.938883676530399,0.994558148610347,1.004620508735256,0.917399909583534,0.896412340507573,0.903796486250986,0.916415120758185
7Y6M,2023-08-07,1.023903959577448,0.991499908074142,0.951134118818640,0.994050819723005,0.860873012500063,1.035435878134446,1.026251373312143,1.052558728561969,0.991499908074142,0.977054306438932,0.989721474934228,0.978109258312871,0.967524223021879,0.916990994986871,0.910372821852192,0.937485485051698,0.994050819723005,1.004250173762304,0.915810529631117,0.894696611081938,0.902172278095973,0.915006120695676
7Y7M,2023-09-05,1.023644260843744,0.990707595369874,0.949850284048559,0.993605198889790,0.859040391583478,1.035189293663286,1.025833824928724,1.052670678193753,0.990707595369874,0.976173069693508,0.988816178769175,0.977080694869368,0.966395824198502,0.915522262470130,0.908936843842997,0.936258490342202,0.993605198889790,1.003924840577444,0.914416075105884,0.893191560019650,0.900747353429450,0.913769697018031
7Y8M,2023-10-05,1.023375676296167,0.989888627798035,0.948524002661326,0.993144422037748,0.857148682122598,1.034934268074468,1.025402057099496,1.052786500687544,0.989888627798035,0.975262281864937,0.987880536881980,0.976017801916311,0.965229899927626,0.914005359485695,0.907453732853667,0.934990875372494,0.993144422037748,1.003588399914286,0.912975770248357,0.891637274837060,0.899275661713258,0.912492396171846
7Y9M,2023-11-06,1.023089263786791,0.989015808577518,0.947111343650628,0.992653162251260,0.855135450077106,1.034662310028893,1.024941705051868,1.052910058727272,0.989015808577518,0.974291711477160,0.986883494675631,0.974885323837514,0.963987797769873,0.912390099763829,0.905874415068545,0.933640644363122,0.992653162251260,1.003229654147988,0.911441945521483,0.889982351691639,0.897708507449149,0.911131909846291
7Y10M,2023-12-05,1.022829771689132,0.988225480930005,0.945832938796824,0.992208167970808,0.853315043246401,1.034415909779553,1.024524689529968,1.053022045726360,0.988225480930005,0.973412966405103,0.985980794405191,0.973860150629935,0.962863523389066,0.910928736440959,0.904445532628399,0.932418681837334,0.992208167970808,1.002904651566901,0.910054142799962,0.888485230916574,0.896290633029075,0.909900721287755
7Y11M,2024-01-05,1.022552456365931,0.987381346304750,0.944468276226727,0.991732705023691,0.851373376283421,1.034152581298144,1.024079101940805,1.053141769138166,0.987381346304750,0.972474494649599,0.985016752003183,0.972765467934806,0.961663162778613,0.909369177694078,0.902920598848080,0.931114214553625,0.991732705023691,1.002557351442581,0.908572966220338,0.886887645286877,0.894777450512505,0.908586462849457
8Y,2024-02-05,1.022275216230009,0.986537932732817,0.943105582613150,0.991257469916881,0.849436127466617,1.033889319851559,1.023633708147167,1.053261506161932,0.986537932732817,0.971536927678875,0.984053652193321,0.971672015734838,0.960464298606191,0.907812288995235,0.901398236171216,0.929811572238600,0.991257469916881,1.002210171586301,0.907094200358886,0.885292932276504,0.893266822659839,0.907274102722922
8Y1M,2024-03-05,1.022015930603980,0.985627609331432,0.941832584710057,0.990844956779948,0.847627853317126,1.033643103686409,1.023387715378472,1.053137649351428,0.985627609331432,0.970571812429929,0.983188782866820,0.970710256225608,0.959344133592588,0.906358257892167,0.899900553740979,0.928559116622476,0.990844956779948,1.001885499273027,0.905713017710753,0.883668370174579,0.891779362107719,0.905963069612636
8Y2M,2024-04-05,1.021738835933921,0.984613991154649,0.940473693913458,0.990409630357195,0.845699127212139,1.033379971936172,1.023153978082199,1.052925059738271,0.984613991154649,0.969526017395481,0.982271130068872,0.969693478640506,0.958148160454276,0.904806524049159,0.898302334516843,0.927222150291280,0.990409630357195,1.001538552075296,0.904238906614939,0.881911967220669,0.890178979473907,0.904515938242530
8Y3M,2024-05-06,1.021461816391317,0.983601415381506,0.939116763745773,0.989974495194531,0.843774789807186,1.033116907170679,1.022920294170506,1.052712513039108,0.983601415381506,0.968481349209393,0.981354333756141,0.968677766086551,0.956953678284322,0.903257446857535,0.896706953722663,0.925887108962961,0.989974495194531,1.001191725023389,0.902767194737729,0.880159055340379,0.888581468878497,0.903071118433758
8Y4M,2024-06-05,1.021193804475150,0.982622494840363,0.937805469634363,0.989553578675949,0.841916697023228,1.032862392127699,1.022694199267259,1.052506863536760,0.982622494840363,0.967471451763133,0.980467926253068,0.967695831454436,0.955799145646993,0.901760865099759,0.895165734640252,0.924596963732424,0.989553578675949,1.000856200296537,0.901345238134827,0.878466006435824,0.887038220591304,0.901675103152018
8Y5M,2024-07-05,1.020925862880150,0.981644548561163,0.936496006490424,0.989132841122296,0.840062695981326,1.032607939786149,1.022468154337511,1.052301254208454,0.981644548561163,0.966462607401533,0.979582319396849,0.966714892195247,0.954646005914713,0.900266762986037,0.893627164535023,0.923308616209944,0.989132841122296,1.000520788012525,0.899925521268363,0.876776214231948,0.885497652548251,0.900281245904819
8Y6M,2024-08-05,1.020649063755343,0.980635026558997,0.935144815392420,0.988698266915295,0.838151183936005,1.032345071554807,1.022234627064973,1.052088833432599,0.980635026558997,0.965421240052043,0.978668032667913,0.965702299583534,0.953455889730445,0.898725458108307,0.892040086821122,0.921979209701432,0.988698266915295,1.000174313406471,0.898460829726596,0.875033510312048,0.883908543037946,0.898843190341004
8Y7M,2024-09-05,1.020372339677862,0.979626542747971,0.933795573814083,0.988263883637898,0.836244021421163,1.032082270241126,1.022001153129048,1.051876455536657,0.979626542747971,0.964380994780064,0.977754599282494,0.964690767619387,0.952267257212922,0.897186792027014,0.890455827749905,0.920651717310945,0.988263883637898,0.999827958782585,0.896998522072454,0.873294270237201,0.882322285335353,0.897407431841372
8Y8M,2024-10-07,1.020086767713359,0.978586615035539,0.932404850197393,0.987815688175253,0.834279889296959,1.031811061638081,1.021760203708086,1.051657271708726,0.978586615035539,0.963308368882580,0.976812594537926,0.963647716935109,0.951041835979048,0.895601254619479,0.888823414735390,0.919283407395978,0.987815688175253,0.999470557235027,0.895491539567595,0.871502551597394,0.880687843885849,0.895927764069045
8Y9M,2024-11-05,1.019828037156293,0.977645134128161,0.931146296074697,0.987409686613584,0.832503879649529,1.031565340400925,1.021541892363691,1.051458675815207,0.977645134128161,0.962337332193589,0.975959686686189,0.962703426423627,0.949932660143275,0.894166781770907,0.887346625500160,0.918045133211424,0.987409686613584,0.999146772437121,0.894128023655454,0.869881982026224,0.879209246700557,0.894588922608893
8Y10M,2024-12-05,1.019560453912344,0.976672141522843,0.929846131172908,0.986989860598145,0.830670606754818,1.031311207596470,1.021316102127020,1.051253271252477,0.976672141522843,0.961333841506839,0.975078151893690,0.961727547893164,0.948786598129733,0.892685262079413,0.885821494523695,0.916765915109600,0.986989860598145,0.998811933025719,0.892719674687428,0.868208701807353,0.877682275666862,0.893206019555806
8Y11M,2025-01-06,1.019275109170595,0.975635350070581,0.928461289553635,0.986542242927884,0.828719565214830,1.031040201611791,1.021075314215310,1.051034217280021,0.975635350070581,0.960264604783895,0.974138725736981,0.960687701125070,0.947565655967796,0.891107679920647,0.884197577321814,0.915403380431435,0.986542242927884,0.998454894669823,0.891219880765372,0.866427417116399,0.876056429516665,0.891733279176920
9Y,2025-02-05,1.019007671004305,0.974664357684931,0.927164873741817,0.986122785731418,0.826894625832127,1.030786198178679,1.020849627105874,1.050828895636118,0.974664357684931,0.959263275462585,0.973258835725977,0.959713865906169,0.946422449665701,0.889631228768627,0.882677858785973,0.914127843388259,0.986122785731418,0.998120287124200,0.889816112438966,0.864760782000252,0.874534934153902,0.890354790529064
9Y1M,2025-03-05,1.018758125358969,0.973632725429825,0.925956518897667,0.985677981777626,0.825194975043874,1.030549184764992,1.020525937029887,1.050637298290094,0.973632725429825,0.958207645604636,0.972234154724349,0.958568588464307,0.945356701531615,0.888255414872109,0.881247800203288,0.912949230894715,0.985677981777626,0.997808087920151,0.888507923630167,0.863179735779501,0.873030298509410,0.889050962941652
9Y2M,2025-04-07,1.018464096445040,0.972377750328267,0.924534408006462,0.985140313873384,0.823196299683788,1.030269917490530,1.020115613868650,1.050411531979959,0.972377750328267,0.956933787485122,0.970975641700543,0.957159859143655,0.944102181840779,0.886636651208068,0.879565348155426,0.911562102625051,0.985140313873384,0.997440264221512,0.886968598558703,0.861312806663485,0.871238068072801,0.887507742731785
9Y3M,2025-05-05,1.018214683916135,0.971314191594554,0.923329481394015,0.984684340806979,0.821504250665769,1.030033022787638,1.019767590263263,1.050220010731737,0.971314191594554,0.955854266304841,0.969909090091889,0.955966197315955,0.943039046515704,0.885265468423058,0.878140332264700,0.910386798218161,0.984684340806979,0.997128277719892,0.885664596104521,0.859731912477336,0.869720273284371,0.886200444626402
9Y4M,2025-06-05,1.017938619861319,0.970138037010562,0.921997287164527,0.984179759656651,0.819634967244494,1.029770810046005,1.019382416908253,1.050008010082107,0.970138037010562,0.954660502606136,0.968729631585216,0.954646379456239,0.941863400229331,0.883749846564443,0.876565328960192,0.909087335850042,0.984179759656651,0.996782977920680,0.884223115212938,0.857985021188226,0.868042941735940,0.884755324929724
9Y5M,2025-07-07,1.017653729022834,0.968925435784014,0.920624135012449,0.983659172901316,0.817709845715314,1.029500208844044,1.018984971203535,1.049789215589849,0.968925435784014,0.953429794183575,0.967513630438407,0.953285898070968,0.940651367156359,0.882188055359887,0.874942482071055,0.907747900844172,0.983659172901316,0.996426664841257,0.882737595747489,0.856185501595718,0.866314895737829,0.883266060222396
9Y6M,2025-08-05,1.017395615571563,0.967827825156601,0.919381482424007,0.983187629011800,0.815969110269788,1.029255037926253,1.018624919884644,1.049590972461707,0.967827825156601,0.952315835168477,0.966412947899635,0.952054636603822,0.939554309459352,0.880775066257627,0.873474372415173,0.906535742599955,0.983187629011800,0.996103866131511,0.881393499566940,0.854557947281898,0.864751825679065,0.881918579497401
9Y7M,2025-09-05,1.017119773587133,0.966655892178659,0.918054984429235,0.982683814820515,0.814112421726955,1.028993023234137,1.018240178124232,1.049379098791683,0.966655892178659,0.951126490606443,0.965237740878686,0.950740219089538,0.938383007445037,0.879267132207831,0.871907737821122,0.905241777128170,0.982683814820515,0.995758921080152,0.879958970182815,0.852821568984802,0.863084076216014,0.880480442202586
9Y8M,2025-10-06,1.016844006390524,0.965485378282571,0.916730400326535,0.982180258798405,0.812259957967023,1.028731075242399,1.017855581683475,1.049167267891130,0.965485378282571,0.949938631413479,0.964063962968910,0.949427616275100,0.937213165642648,0.877761779821829,0.870343913090793,0.903949658628947,0.982180258798405,0.995414095481285,0.878526775595299,0.851088718838840,0.861419543153540,0.879044650066300
9Y9M,2025-11-05,1.016577206098802,0.964353972435677,0.915450364422475,0.981693192205778,0.810471264603784,1.028477640677528,1.017483529891485,1.048962310959537,0.964353972435677,0.948790502780895,0.962929407929954,0.948159080963049,0.936082449274214,0.876307441114825,0.868833204937112,0.902700977452353,0.981693192205778,0.995080506984552,0.877143000291250,0.849415119602069,0.859811761304971,0.877657403106589
9Y10M,2025-12-05,1.016310475810340,0.963223892428840,0.914172115839873,0.981206367151161,0.808686510156794,1.028224268547903,1.017111614093774,1.048757394066692,0.963223892428840,0.947643761816222,0.961796188087816,0.946892240547807,0.934953097077297,0.874855512060557,0.867325119010222,0.901454021155751,0.981206367151161,0.994747030281781,0.875761404583936,0.847744811366980,0.858206980273476,0.876272345403280
9Y11M,2026-01-05,1.016034928035067,0.962057534306727,0.912853134000756,0.980703568216591,0.806846392731693,1.027962516255981,1.016727443919548,1.048545688665372,0.962057534306727,0.946460252193427,0.960626595280291,0.945584950296530,0.933787531196888,0.873357712604343,0.865769513512634,0.900167309200598,0.980703568216591,0.994402555094889,0.874336041827147,0.846022276696726,0.856551853116717,0.874843415375456
10Y,2026-02-05,1.015759454967846,0.960892588515931,0.911536055209283,0.980201026930948,0.805010462382913,1.027700830597638,1.016343418849086,1.048334025999558,0.960892588515931,0.945278220652464,0.959458424756771,0.944279464905117,0.932623418377414,0.871862477460956,0.864216698097348,0.898882433864526,0.980201026930948,0.994058199197776,0.872912998947642,0.844303242048709,0.854899918017315,0.873416815491948
10Y1M,2026-03-05,1.015460274369796,0.959835256665428,0.910263038473376,0.979571474344586,0.803314650200823,1.027833176932824,1.015765086943019,1.048241229492636,0.959835256665428,0.944235739556471,0.958377603555222,0.943101990992285,0.931523674211701,0.870559055543022,0.862846684908171,0.897586137930970,0.979571474344586,0.993495431850341,0.871494416968615,0.842709127206593,0.853373085050058,0.872097921086333
10Y2M,2026-04-07,1.015097879551102,0.958588988044810,0.908748305511048,0.978795505539919,0.801312538581219,1.028061618411818,1.015038448740745,1.048163482586138,0.958588988044810,0.943013263907626,0.957100060692404,0.941716163196153,0.930219495660152,0.869025381099438,0.861234814447544,0.896060760329865,0.978795505539919,0.992768108759778,0.869782092595763,0.840825502828451,0.851569753165232,0.870533379531712
10Y3M,2026-05-05,1.014790494461829,0.957532817071684,0.907465054384060,0.978137589824784,0.799617690799286,1.028255487361031,1.014422314887109,1.048097520036021,0.957532817071684,0.941977253089469,0.956017420521199,0.940541906371746,0.929114351912530,0.867726200599935,0.859869528336583,0.894768533586885,0.978137589824784,0.992151403712904,0.868331849952351,0.839230578181331,0.850042642128386,0.869208091023127
10Y4M,2026-06-05,1.014450283828544,0.956364842256380,0.906046425677702,0.977409698969193,0.797745433319481,1.028470170628357,1.013740602932409,1.048024494911907,0.956364842256380,0.940831568694306,0.954820211625587,0.939243544184785,0.927892331350935,0.866290087621487,0.858360486032753,0.893340027606792,0.977409698969193,0.991469069978828,0.866729044581232,0.837468297433838,0.848355106242460,0.867743160628934
10Y5M,2026-07-06,1.014110187251585,0.955198292107829,0.904630014695759,0.976682349780851,0.795877559619714,1.028684898718109,1.013059349101692,1.047951474875744,0.955198292107829,0.939687277743335,0.953624501979999,0.937946974309635,0.926671918055712,0.864856351453242,0.856854092047767,0.891913802249295,0.976682349780851,0.990787205507127,0.865129197739226,0.835709717258647,0.846670920514779,0.866280699172943
10Y6M,2026-08-05,1.013781170092744,0.954070727444922,0.903261402694148,0.975978978829253,0.794074104184619,1.028892742781022,1.012400507106065,1.047880815168691,0.954070727444922,0.938581224551834,0.952468789330595,0.936693933458295,0.925492401271815,0.863471124173527,0.855398808591696,0.890535752188355,0.975978978829253,0.990127783159855,0.863583770629890,0.834011381594581,0.845044246891320,0.864867760731635
10Y7M,2026-09-07,1.013419374508413,0.952831943600291,0.901758320878857,0.975205855824534,0.792095022898827,1.029121419754252,1.011676275791245,1.047803094993730,0.952831943600291,0.937366069645691,0.951199123074464,0.935317521891091,0.924196666796380,0.861949936624577,0.853800851392879,0.889022356167664,0.975205855824534,0.989402925474341,0.861886989205182,0.832147198427103,0.843258515349975,0.863316190067150
10Y8M,2026-10-05,1.013112497692709,0.951782115724476,0.900484940367972,0.974550352959628,0.790419670988051,1.029315488557802,1.011062182794857,1.047737155123362,0.951782115724476,0.936336262933639,0.950123157850190,0.934151243742758,0.923098678447772,0.860661333813237,0.852447350089427,0.887740279644947,0.974550352959628,0.988788310870841,0.860449910566534,0.830568735271145,0.841746308768050,0.862001888912394
10Y9M,2026-11-05,1.012772849611346,0.950621155472250,0.899077223586067,0.973825131582174,0.788568950127045,1.029530393136391,1.010382728915698,1.047664155107305,0.950621155472250,0.935197439420067,0.948933330267461,0.932861703485634,0.921884570019544,0.859236913401956,0.850951333460531,0.886322994335239,0.973825131582174,0.988108290041518,0.858861654028080,0.828824643325867,0.840075243067940,0.860549103578295
10Y10M,2026-12-07,1.012422364576534,0.949424230238650,0.897626404841338,0.973077082037312,0.786663073764915,1.029752277183886,1.009681836103950,1.047588805586970,0.949424230238650,0.934023332486332,0.947706684007577,0.931532432323325,0.920632971737775,0.857769016656925,0.849409812042286,0.884862363475681,0.973077082037312,0.987406823597102,0.857225238401444,0.827028131758718,0.838353751657729,0.859052022372218
10Y11M,2027-01-05,1.012104842281936,0.948340818537541,0.896313622670358,0.972399658487315,0.784939852371634,1.029953400907434,1.009047071969420,1.047520524765157,0.948340818537541,0.932960571366442,0.946596405512325,0.930329416497595,0.919500178604383,0.856440901434801,0.848015220476818,0.883540746021046,0.972399658487315,0.986771549778729,0.855744930058681,0.825403406908609,0.836796697381461,0.857697542291132
11Y,2027-02-05,1.011765532019155,0.947184055894394,0.894912426856947,0.971676037570630,0.783101962181473,1.030168438671898,1.008368972284781,1.047447539842599,0.947184055894394,0.931825853554083,0.945410994438314,0.929045152045777,0.918290803114346,0.855023465966131,0.846526982087365,0.882130165304392,0.971676037570630,0.986092915939457,0.854165358181546,0.823670161516071,0.835135457831737,0.856252011339795
11Y1M,2027-03-05,1.011459156008872,0.946140450847267,0.893648713490600,0.971022907339116,0.781445631399502,1.030362704919311,1.007756886839592,1.047381622347867,0.946140450847267,0.930719109181750,0.944341576555154,0.927886695121486,0.917199831204711,0.853745218129232,0.845185011800274,0.880858028144881,0.971022907339116,0.985480357505538,0.852741154306224,0.822107778075891,0.833637818242994,0.854948464597346
11Y2M,2027-04-05,1.011120062213763,0.944986372158132,0.892251683696193,0.970300310945547,0.779615922720864,1.030577828139894,1.007079654185000,1.047308647103193,0.944986372158132,0.929480019295141,0.943158989175803,0.926605802701309,0.915993481253797,0.852332244097567,0.843701740332523,0.879451730411350,0.970300310945547,0.984802611659814,0.851167126931355,0.820381453097591,0.831982849816201,0.853507566837429
11Y3M,2027-05-05,1.010792015168878,0.943870862165099,0.890901798833955,0.969601536105192,0.777849316091334,1.030786054666030,1.006424701077162,1.047238030739771,0.943870862165099,0.928282470741629,0.942015959847251,0.925367912974410,0.914827556546220,0.850967076490344,0.842268794868460,0.878092934855512,0.969601536105192,0.984147172382671,0.849646641024772,0.818714267648911,0.830384395772045,0.852115461885440
11Y4M,2027-06-07,1.010431286346373,0.942645322022389,0.889419284149897,0.968833464999939,0.775910672057321,1.031015152438060,1.005704744617824,1.047160358239428,0.942645322022389,0.926966949340273,0.940760227491133,0.924008144266787,0.913546753373264,0.849467917473808,0.840695365643892,0.876600684431942,0.968833464999939,0.983426693012521,0.847977243466496,0.816884276607533,0.828629643151191,0.850586768814146
11Y5M,2027-07-05,1.010125314363360,0.941606717741002,0.888163327696578,0.968182245456771,0.774269551497990,1.031209578356358,1.005094276373305,1.047094458817479,0.941606717741002,0.925852211462340,0.939696070402879,0.922855968152988,0.912461417613951,0.848197975102344,0.839362640019001,0.875336521444914,0.968182245456771,0.982815790829564,0.846563357425858,0.815334765011817,0.827143670371145,0.849291846762024
11Y6M,2027-08-05,1.009786667741449,0.940458169187225,0.886774873136793,0.967461762970110,0.772456645185565,1.031424878390543,1.004418833045859,1.047021503580631,0.940458169187225,0.924619600999741,0.938519300533932,0.921582020352317,0.911261299876354,0.846794181924847,0.837889586619268,0.873939038846297,0.967461762970110,0.982139877490172,0.845000733301972,0.813622662525923,0.825501594365319,0.847860482451555
11Y7M,2027-09-06,1.009437216119072,0.939274040149737,0.885343906391612,0.966718601484552,0.770589710327691,1.031647170736869,1.003722077331494,1.046946200280723,0.939274040149737,0.923348950147441,0.937306116052884,0.920268822052097,0.910024124296829,0.845347542000548,0.836371726909658,0.872498816334109,0.966718601484552,0.981442648072379,0.843390727315548,0.811859101878575,0.823809967436016,0.846385475402712
11Y8M,2027-10-05,1.009120630045582,0.938202211084040,0.884049087423244,0.966045604494945,0.768901698371157,1.031848664557240,1.003091059962514,1.046877961343300,0.938202211084040,0.922198931175667,0.936208022263231,0.919080352473971,0.908904384823152,0.844038659403118,0.834998541741077,0.871195664892244,0.966045604494945,0.980811211461192,0.841934309242531,0.810264177102794,0.822279924980677,0.845050966854338
11Y9M,2027-11-05,1.008782320246187,0.937057815263164,0.882667064603534,0.965326712010993,0.767101360569012,1.032064098022382,1.002416962836305,1.046805021190692,0.937057815263164,0.920971184417500,0.935035620434209,0.917811616686286,0.907708945484074,0.842641750018289,0.833533147188067,0.869804793208212,0.965326712010993,0.980136676734098,0.840380229620717,0.808562722226370,0.820647504660907,0.843626749962237
11Y10M,2027-12-06,1.008444123865860,0.935914815347968,0.881287202282716,0.964608354498062,0.765305238151237,1.032279576466579,1.001743318716760,1.046732086120114,0.935914815347968,0.919745072189641,0.933864686789624,0.916544632312930,0.906515078450332,0.841247152560535,0.832070324353555,0.868416142063283,0.964608354498062,0.979462605905757,0.838829018587871,0.806864840195417,0.819018325081935,0.842204933391341
11Y11M,2028-01-05,1.008116945000432,0.934810013882139,0.879953905551106,0.963913678796822,0.763571059476932,1.032488146828117,1.001091836088625,1.046661508632186,0.934810013882139,0.918560066210022,0.932732921373453,0.915320183705683,0.905361218352649,0.839899739776029,0.830657133719868,0.867074397026404,0.963913678796822,0.978810720690584,0.837330572911998,0.805225123310612,0.817444779239908,0.840831263486213
12Y,2028-02-07,1.007757170850004,0.933596238519700,0.878489608826169,0.963150113335059,0.761668001328807,1.032717622899331,1.000375694550156,1.046583878891858,0.933596238519700,0.917258322976021,0.931489563554786,0.913975179490810,0.904093668514607,0.838420078220773,0.829105396058739,0.865600871748078,0.963150113335059,0.978094148056604,0.835685374135948,0.803425283219657,0.815717370372307,0.839322814239471
12Y1M,2028-03-06,1.007452008624599,0.932499966811326,0.877249086259319,0.962257419723126,0.760057005293593,1.031906655395058,0.999896091273725,1.046332201068513,0.932499966811326,0.916128898591265,0.930394675495188,0.912787309373620,0.902927423459535,0.837093131578644,0.827814672541768,0.864352571805999,0.962257419723126,0.977347040491926,0.834237440858070,0.801881982981788,0.814210737263292,0.838029545298214
12Y2M,2028-04-05,1.007125151640306,0.931318133464063,0.875921898781176,0.961281686715443,0.758334719094402,1.030955693154084,0.999393000068842,1.046038731508337,0.931318133464063,0.914918174431298,0.929219616526344,0.911512337284781,0.901671961527574,0.835673733442071,0.826433984174299,0.863017105182153,0.961281686715443,0.976529279461690,0.832679146351434,0.800230147699813,0.812595971437174,0.836644122341414
12Y3M,2028-05-05,1.006798400701251,0.930137797950699,0.874596719200937,0.960306943105070,0.756616335588997,1.030005607280347,0.998890161991021,1.045745344258906,0.930137797950699,0.913709050322366,0.928046041619712,0.910239146064070,0.900418245233880,0.834256742076017,0.825055598617389,0.861683701918980,0.960306943105070,0.975712202664459,0.831123762624930,0.798581715112819,0.810984408060440,0.835260989753468
12Y4M,2028-06-05,1.006460869434096,0.928919689461510,0.873229473149587,0.959300746392183,0.754844763236423,1.029024771692079,0.998370828432698,1.045442263881981,0.928919689461510,0.912461300772838,0.926834904648389,0.908925383394648,0.899124569708835,0.832795041775687,0.823633682025932,0.860308016169051,0.959300746392183,0.974868608190642,0.829519584935073,0.796881902047612,0.809322483509170,0.833834154883662
12Y5M,2028-07-05,1.006134334014269,0.927742393692065,0.871908366931909,0.958328011463499,0.753134287957333,1.028076465275225,0.997868504653877,1.045149043926543,0.927742393692065,0.911255423582871,0.925664341557231,0.907655805604987,0.897874395397996,0.831382931598395,0.822259967012719,0.858978798579729,0.958328011463499,0.974052920902146,0.827970103038141,0.795240366672949,0.807717412206535,0.832455667708811
12Y6M,2028-08-07,1.005775267412886,0.926449091628779,0.870457458471716,0.957259142246049,0.751257241511504,1.027034337562971,0.997316240408061,1.044826596962724,0.926449091628779,0.909930799253290,0.924378429618642,0.906261318141073,0.896501211283522,0.829832375793849,0.820751526663791,0.857519031139249,0.957259142246049,0.973156453147855,0.826269015681525,0.793438583099268,0.805955510152957,0.830941963803970
12Y7M,2028-09-05,1.005459829822872,0.925314041883343,0.869184410992369,0.956320817140511,0.749611578210907,1.026119400460871,0.996831169608985,1.044543316604406,0.925314041883343,0.908768325102691,0.923249860566624,0.905037628212162,0.895296207534824,0.828472153619239,0.819428212174436,0.856238253284958,0.956320817140511,0.972369329289108,0.824777006134649,0.791858567911049,0.804410345014736,0.829614011558761
12Y8M,2028-10-05,1.005133619179595,0.924141315845478,0.867869424536943,0.955351103872427,0.747912961308602,1.025173771513265,0.996329620499472,1.044250348780807,0.924141315845478,0.907567328421213,0.922083825272446,0.903773480799648,0.894051356312914,0.827067373449998,0.818061511343861,0.854915323676577,0.955351103872427,0.971555733185017,0.823236383027949,0.790227380344089,0.802815015604477,0.828242501087149
12Y9M,2028-11-06,1.004785777813543,0.922892046249080,0.866468965047965,0.954317826836400,0.746105345584373,1.024166061150228,0.995794912926612,1.043937940338026,0.922892046249080,0.906288014685100,0.920841677451166,0.902427003079585,0.892725422770227,0.825571566646083,0.816606209526197,0.853506451615204,0.954317826836400,0.970688647662436,0.821596223525837,0.788491150414671,0.801116818070116,0.826782055636590
12Y10M,2028-12-05,1.004470650553505,0.921761354458646,0.865201750756042,0.953382384868740,0.744470967747112,1.023253679262119,0.995310582064887,1.043654900918221,0.921761354458646,0.905130194342132,0.919717426402373,0.901208490479366,0.891525494128239,0.824218328589294,0.815289578616528,0.852231666890869,0.953382384868740,0.969903519853316,0.820112651727896,0.786920987304421,0.799580929595715,0.825460751460237
12Y11M,2029-01-05,1.004133899669449,0.920554215760116,0.863849191740701,0.952383443614939,0.742727833054246,1.022279273280878,0.994793109568021,1.043352426398505,0.920554215760116,0.903894159970079,0.918517158604946,0.899907761899105,0.890244595259505,0.822774216581954,0.813884492970641,0.850871071399544,0.952383443614939,0.969064947529172,0.818529726923873,0.785245994563926,0.797942373830136,0.824050657850829
13Y,2029-02-05,1.003797261681831,0.919348657930462,0.862498747163858,0.951385549038363,0.740988779808057,1.021305795189794,0.994275906110578,1.043050039542667,0.919348657930462,0.902659813510967,0.917318457204701,0.898608910681138,0.888965536721667,0.821332634801640,0.812481828876216,0.849512648111110,0.951385549038363,0.968227100229248,0.816949857371991,0.783574567112356,0.796307175904767,0.822642973034309
13Y1M,2029-03-05,1.003493298569397,0.918261124055948,0.861280805427284,0.950485123633835,0.739421522178320,1.020427321462307,0.993808985729403,1.042776991258781,0.918261124055948,0.901546368814831,0.916237103817146,0.897437366121337,0.887811837646572,0.820032732031977,0.811216984371974,0.848287549310908,0.950485123633835,0.967470957578451,0.815525499570940,0.782067948833673,0.794833103351249,0.821373582766720
13Y2M,2029-04-05,1.003156875344636,0.917058569259262,0.859934375976462,0.949489218091430,0.737690210463289,1.019455606915264,0.993292293928350,1.042474771176909,0.917058569259262,0.900315228469696,0.915041377979025,0.896142080464976,0.886536274372185,0.818595953603662,0.809818917512864,0.846933250638634,0.949489218091430,0.966634488431952,0.813951428571225,0.780403285979328,0.793204277154972,0.819970471064623
13Y3M,2029-05-07,1.002809718060046,0.915818874237464,0.858546721079670,0.948462281082584,0.735907301899022,1.018453517310272,0.992759216419964,1.042162893933791,0.915818874237464,0.899046137348251,0.913808717104943,0.894806972309015,0.885221486161531,0.817115467930590,0.808378278971272,0.845537532768540,0.948462281082584,0.965771794978639,0.812329767773243,0.778688640833087,0.791526409250751,0.818524611739017
13Y4M,2029-06-05,1.002495210544344,0.914696848224960,0.857291093100917,0.947532578841342,0.734295263342242,1.017546224461658,0.992276362048515,1.041880335776411,0.914696848224960,0.897897568802466,0.912693052562646,0.893598748744337,0.884031643698602,0.815776090712832,0.807074914122484,0.844274650304576,0.947532578841342,0.964990644096401,0.810862928589240,0.777137997965930,0.790008907356232,0.817216504021191
13Y5M,2029-07-05,1.002169961739953,0.913537578223520,0.855994100010005,0.946571776883279,0.732631353149483,1.016608496196364,0.991777104660755,1.041588114851179,0.913537578223520,0.896710938535267,0.911540350182181,0.892350579043060,0.882802455121008,0.814392838337037,0.805728817003689,0.842970205042748,0.946571776883279,0.964183221849655,0.809348295961440,0.775537134009329,0.788442139285579,0.815865488998273
13Y6M,2029-08-06,1.001823145991424,0.912302642935947,0.854612803439374,0.945547995285038,0.730860671235241,1.015609205202745,0.991244840320180,1.041276502869091,0.912302642935947,0.895446928048038,0.910312405575678,0.891021119616895,0.881493204395592,0.812919954279764,0.804295454602855,0.841581018140182,0.945547995285038,0.963322716081200,0.807735806128013,0.773833180417066,0.786774344748984,0.814426868014549
13Y7M,2029-09-05,1.001498115231159,0.911146407306358,0.853319862324756,0.944589205702918,0.729204543814753,1.014673262013810,0.990746101935859,1.040984451303626,0.911146407306358,0.894263536462615,0.909162709876858,0.889776550321932,0.880267545352963,0.811541544847457,0.802953993264935,0.840280734670625,0.944589205702918,0.962516689415016,0.806227014736190,0.772239124213156,0.785213991554630,0.813080464792952
13Y8M,2029-10-05,1.001173189923633,0.909991637068590,0.852028877296824,0.943631388337404,0.727552169172519,1.013738181351179,0.990247614488507,1.040692481651194,0.909991637068590,0.893081708806444,0.908014466207245,0.888533719428783,0.879043590509619,0.810165472684094,0.801614769311934,0.838982460202061,0.943631388337404,0.961711337163518,0.804721041656304,0.770648351682324,0.783656732896984,0.811736287433133
13Y9M,2029-11-05,1.000837544520143,0.908799911992320,0.850696911268887,0.942642664046760,0.725848648844798,1.012772836620600,0.989732774282023,1.040390865706802,0.908799911992320,0.891862127694205,0.906829471238030,0.887251284547625,0.877780625010519,0.808745982669795,0.800233251093826,0.837643017187914,0.942642664046760,0.960879847747660,0.803167824675108,0.769007995896460,0.782050810081175,0.810349638644066
13Y10M,2029-12-05,1.000512833527691,0.907648115659657,0.849409894495640,0.941686820482545,0.724203878647431,1.011839507310943,0.989234796683879,1.040099062540028,0.907648115659657,0.890683473656527,0.905684174374822,0.886011980920189,0.876560128068371,0.807374650738546,0.798898564988718,0.836348818120728,0.941686820482545,0.960075865066307,0.801667565938446,0.767423879322324,0.780499824734739,0.809009975861637
13Y11M,2030-01-07,1.000155773112765,0.906382825651674,0.847996424859568,0.940636511983940,0.722398935839479,1.010813838475465,0.988687310711150,1.039778173584777,0.906382825651674,0.889388753242658,0.904426018431966,0.884650746195923,0.875219541401222,0.805868871147018,0.797432981257933,0.834927508566178,0.940636511983940,0.959192261068787,0.800020517867962,0.765685119825496,0.778797293350328,0.807538904659866
14Y,2030-02-05,0.999842097944035,0.905272360322473,0.846756226730808,0.939714480722573,0.720816487975536,1.009913351461240,0.988206436817383,1.039496261988689,0.905272360322473,0.888252522403646,0.903321809180065,0.883456236194167,0.874043142736002,0.804547928821390,0.796147263736726,0.833680473078827,0.939714480722573,0.958416431949666,0.798575905728692,0.764160371540643,0.777304195515191,0.806248353516406
14Y1M,2030-03-05,0.999539332507591,0.904201477856916,0.845560515139770,0.938825101235675,0.719291896549587,1.009044676916873,0.987742366710360,1.039224144008073,0.904201477856916,0.887156849321610,0.902256955321803,0.882304446650314,0.872908809937133,0.803274590789164,0.794907848336511,0.832478206167802,0.938825101235675,0.957667950997986,0.797183583041086,0.762691081913426,0.775865300054979,0.805004261186245
14Y2M,2030-04-05,0.999204234858213,0.903017335573330,0.844238661021041,0.937841412908082,0.717607717161145,1.008083801633985,0.987228829008689,1.038922953620753,0.903017335573330,0.885945359122721,0.901079474133136,0.881031002577856,0.871654658581372,0.801867174281289,0.793537888954230,0.831149147253492,0.937841412908082,0.956839957467715,0.795644914341978,0.761067663493972,0.774275343974660,0.803629112383304
14Y3M,2030-05-06,0.998869249551021,0.901834744042516,0.842918873340231,0.936858755275903,0.715927481179026,1.007123841356478,0.986715558300700,1.038621850525140,0.901834744042516,0.884735523319561,0.899903529604222,0.879759396487528,0.870402309127029,0.800462223706297,0.792170290586139,0.829822210193646,0.936858755275903,0.956012679815305,0.794109215474935,0.759447700585441,0.772688646140763,0.802256312678774
14Y4M,2030-06-05,0.998545177150732,0.900691775235907,0.841643623936942,0.935908776619128,0.714305192308758,1.006195717925829,0.986219098795123,1.038330543522114,0.900691775235907,0.883566287554909,0.898766979985650,0.878530557453618,0.869192071253853,0.799104937944576,0.790849052461779,0.828540094652387,0.935908776619128,0.955212769566873,0.792625877557529,0.757883277723642,0.771156228103375,0.800930029710519
14Y5M,2030-07-05,0.998221209892253,0.899550255006990,0.840370303854602,0.934959761244645,0.712686579538721,1.005268449815119,0.985722889079911,1.038039318223291,0.899550255006990,0.882398597011668,0.897631865793202,0.877303434849653,0.867983516137828,0.797749953633923,0.789530017992621,0.827259960041792,0.934959761244645,0.954413528615427,0.791145310406832,0.756322077491773,0.769626849200900,0.799605939341418
14Y6M,2030-08-05,0.997886554146235,0.898372203964994,0.839056563527899,0.933980122968363,0.711017866108977,1.004311170491229,0.985210401326016,1.037738471224969,0.898372203964994,0.881193604622092,0.896460420530204,0.876037208817247,0.866736441195806,0.796352216836600,0.788169326865965,0.825939232104173,0.933980122968363,0.953588348837745,0.789618296364565,0.754712215752523,0.768049677379481,0.798240012223605
14Y7M,2030-09-05,0.997552010594255,0.897195695698679,0.837744876954924,0.933001511143904,0.709353059872929,1.003354802748423,0.984698180019924,1.037437711418832,0.897195695698679,0.879990257754918,0.895290504049835,0.874772810349058,0.865491157988169,0.794956929012349,0.786810980780408,0.824620612720538,0.933001511143904,0.952763882505174,0.788094229659348,0.753105780668261,0.766475737606108,0.796876418451255
14Y8M,2030-10-07,0.997206792956071,0.895982851639619,0.836393028705517,0.931992406708754,0.707638638795357,1.002368539677101,0.984169714778096,1.037127341113200,0.895982851639619,0.878749816865150,0.894084449764381,0.873469538982642,0.864207580988735,0.793519196100366,0.785411272525455,0.823261665336722,0.931992406708754,0.951913568168342,0.786524084964598,0.751451111608521,0.764854408679207,0.795471281020541
14Y9M,2030-11-05,0.996894042665118,0.894885127958029,0.835169800589573,0.931078848577219,0.706088524036254,1.001475576186605,0.983691038135090,1.036846148228499,0.894885127958029,0.877627177706450,0.892992866482508,0.872290126536510,0.863045983701818,0.792218496780842,0.784144937851354,0.822032053781806,0.931078848577219,0.951143626317217,0.785103843588796,0.749954708238638,0.763388041921716,0.794200015493410
14Y10M,2030-12-05,0.996570611099490,0.893750966967325,0.833906274734912,0.930134730769768,0.704488530204363,1.000552657962140,0.983196100397132,1.036555339264788,0.893750966967325,0.876467336084680,0.891865044812296,0.871071720503381,0.861845974321310,0.790875189309224,0.782837084982817,0.820761974409839,0.930134730769768,0.950347790079387,0.783637327047239,0.748409840448561,0.761874069106391,0.792887051123682
14Y11M,2031-01-06,0.996225733089126,0.892542779549839,0.832560620743249,0.929128726952094,0.702785866110257,0.999569149302234,0.982668441287464,1.036245232938489,0.892542779549839,0.875231861131810,0.890663604995301,0.869773963167995,0.860567803355052,0.789444838497195,0.781444446144646,0.819409385933813,0.929128726952094,0.949499632035491,0.782076061978464,0.746765488965963,0.760262474105673,0.791488948170620
15Y,2031-02-05,0.995902518349362,0.891411587208527,0.831301042308853,0.928186586576045,0.701193356088301,0.998647987961468,0.982174018062448,1.035954592516227,0.891411587208527,0.874075185077300,0.889538725108478,0.868559071686431,0.859371239723343,0.788106234116848,0.780141097348831,0.818143358710808,0.928186586576045,0.948705171352506,0.780615201111443,0.745227190802126,0.758754700005086,0.790180465713168
15Y1M,2031-03-05,0.995502130868283,0.890421786914424,0.830004495212791,0.927197522664611,0.699679659772240,0.998096079719525,0.981631362822256,1.035481137933005,0.890421786914424,0.873054985988500,0.888525581219675,0.867572432460599,0.858333322825375,0.786911368245903,0.778997111338311,0.817074708988468,0.927197522664611,0.947795487415311,0.779276783096315,0.743777100116522,0.757355624929124,0.788948394337520
15Y2M,2031-04-07,0.995005148335972,0.889277413061215,0.828447651509329,0.926004895222139,0.697892032705973,0.997524648368459,0.980971344221046,1.034844008515993,0.889277413061215,0.871868973926116,0.887342073931264,0.866448337612642,0.857131469998846,0.785505458946491,0.777650995528276,0.815817020823562,0.926004895222139,0.946658253615970,0.777711164555392,0.742067288769717,0.755711428259994,0.787492765937155
15Y3M,2031-05-05,0.994583660759638,0.888307582634416,0.827128983454123,0.924994171990197,0.696378840349895,0.997040054090672,0.980411676461778,1.034303721296473,0.888307582634416,0.870863924222646,0.886339122249716,0.865495702409117,0.856113035882983,0.784314536170214,0.776510660961907,0.814751409737801,0.924994171990197,0.945694398109525,0.776385227860307,0.740619622467836,0.754319151829490,0.786259793607495
15Y4M,2031-06-05,0.994117222059857,0.887235075491994,0.825671477746881,0.923876443756367,0.694707347026146,0.996503813592669,0.979792416745509,1.033705875189478,0.887235075491994,0.869752541990338,0.885230033726123,0.864442220838493,0.854986895283128,0.782998120543237,0.775250098096725,0.813573249534909,0.923876443756367,0.944628417046018,0.774919863266185,0.739020143118475,0.752780694734301,0.784896968762913
15Y5M,2031-07-07,0.993635966397618,0.886129329559975,0.824169649593817,0.922724076430822,0.692986142697835,0.995950577525138,0.979153591180887,1.033089106188434,0.886129329559975,0.868606796392308,0.884086623826302,0.863356100985649,0.853825981331388,0.781641557424608,0.773951018315764,0.812358871120622,0.922724076430822,0.943529309814312,0.773410129811189,0.737372690834429,0.751195901107404,0.783492659494294
15Y6M,2031-08-05,0.993200029695683,0.885128437692307,0.822810977524591,0.921680985145157,0.691429985062164,0.995449472645153,0.978575015293126,1.032530477154553,0.885128437692307,0.867569768200492,0.883051684347526,0.862372983653659,0.852775264685746,0.780414202307104,0.772775607665165,0.811259906458428,0.921680985145157,0.942534348556191,0.772044474653668,0.735882859672320,0.749762563945745,0.782222174595948
15Y7M,2031-09-05,0.992734239889605,0.884059768922678,0.821361080689016,0.920567260441936,0.689770370299471,0.994914087613471,0.977956915671439,1.031933656014485,0.884059768922678,0.866462589915978,0.881946709440897,0.861323303057032,0.851653514627210,0.779104333110432,0.771521108167457,0.810086795096401,0.920567260441936,0.941471929481621,0.770587302881655,0.734293610073893,0.748233400151598,0.780866348160222
15Y8M,2031-10-06,0.992268668529093,0.882992390421095,0.819913738754737,0.919454881521838,0.688114739050973,0.994378990529233,0.977339206461459,1.031337179847743,0.882992390421095,0.865356824594201,0.880843117204802,0.860274900131871,0.850533240131166,0.777796662435144,0.770268645184585,0.808915380096115,0.919454881521838,0.940410707959471,0.769132881404014,0.732707792698751,0.746707355134010,0.779512871779740
15Y9M,2031-11-05,0.991818323492347,0.881960670523799,0.818515513635758,0.918379665625775,0.686516299092108,0.993861428659713,0.976741794846703,1.030760273120410,0.881960670523799,0.864288072751795,0.879776439575131,0.859261531704492,0.849450506625908,0.776533264494357,0.769058520152835,0.807783365528311,0.918379665625775,0.939384858347609,0.767727990505384,0.731176391674701,0.745233500874398,0.778205289656543
15Y10M,2031-12-05,0.991368182846467,0.880930156124940,0.817119672954788,0.917305707093447,0.684921572191774,0.993344136174694,0.976144748407758,1.030183689101671,0.880930156124940,0.863220640862578,0.878711053663751,0.858249356983415,0.848369151446373,0.775271918727916,0.767850296279340,0.806652935127421,0.917305707093447,0.938360127786622,0.766325665767277,0.729648191366024,0.743762555714802,0.776899900917279
15Y11M,2032-01-05,0.990903252137814,0.879866556193014,0.815679804916484,0.916197269311978,0.683277579340648,0.992809883461290,0.975528183821217,1.029588224447200,0.879866556193014,0.862119012862919,0.877611510248924,0.857204695666132,0.847253197238150,0.773970680484961,0.766603792376470,0.805486485613675,0.916197269311978,0.937302413868712,0.764879287786493,0.728072406470534,0.742245629121860,0.775553299583558
16Y,2032-02-05,0.990438539471830,0.878804240409222,0.814242474107469,0.915090170925115,0.681637532507000,0.992275918086334,0.974912008676806,1.028993103981983,0.878804240409222,0.861018790742814,0.876513342708131,0.856161305910848,0.846138710968492,0.772671626276955,0.765359312008640,0.804321722828394,0.915090170925115,0.936245892199597,0.763435639727668,0.726500024719280,0.740731796347330,0.774209032315204
16Y1M,2032-03-05,0.990004005573131,0.877811622302411,0.812900167329135,0.914055709370171,0.680106859113097,0.991776662083008,0.974335939114289,1.028436689806183,0.877811622302411,0.859990821858168,0.875487268749318,0.855186381406510,0.845097454263290,0.771458355992573,0.764196949707175,0.803233630875629,0.914055709370171,0.935258611379464,0.762087597106241,0.725032161331399,0.739318425469025,0.772953601429158
16Y2M,2032-04-05,0.989539714634764,0.876751787563830,0.811467734592524,0.912951198763948,0.678474422846262,0.991243252408040,0.973720517030186,1.027842234948647,0.876751787563830,0.858893315700459,0.874391759301583,0.854145448343813,0.843985803681894,0.770163518540817,0.762956376531665,0.802072125800325,0.912951198763948,0.934204393472278,0.760649218138757,0.723466345446306,0.737810562816316,0.771613840220076
16Y3M,2032-05-05,0.989090608144474,0.875727359410165,0.810083912714540,0.911883588312400,0.676898376633328,0.990727322651124,0.973125317387570,1.027267283214563,0.875727359410165,0.857832546561652,0.873332894095057,0.853139300158380,0.842911405099344,0.768912519339628,0.761757739387150,0.800949687838115,0.911883588312400,0.933185314035674,0.759259823419781,0.721954259573435,0.736354269084486,0.770319508208367
16Y4M,2032-06-07,0.988596826423794,0.874601870897444,0.808564434150195,0.910710658742187,0.675168953972140,0.990160110071068,0.972471017988519,1.026635207765486,0.874601870897444,0.856667213605474,0.872169623315671,0.852033906007972,0.841731146302683,0.767538767091286,0.760441413406629,0.799716820228828,0.910710658742187,0.932065610582492,0.757734420273289,0.720294615058029,0.734755665737951,0.768898250542402
16Y5M,2032-07-05,0.988178053434490,0.873648045360808,0.807277414882355,0.909716628985846,0.673705030539385,0.989679093462388,0.971916199869930,1.026099206322466,0.873648045360808,0.855679687779054,0.871183820865862,0.851097119060354,0.840731010680804,0.766375084027096,0.759326314687033,0.798672239045360,0.909716628985846,0.931116612813026,0.756442542364421,0.718889424103750,0.733401996920289,0.767694391525215
16Y6M,2032-08-05,0.987714618829055,0.872593237558950,0.805854890145518,0.908617361561475,0.672087960353626,0.989146811927896,0.971302306171376,1.025506102572320,0.872593237558950,0.854587683419827,0.870093696382572,0.850061163448738,0.839625103767813,0.765088778482301,0.758093648346477,0.797517329908719,0.908617361561475,0.930067063741825,0.755014817983157,0.717336874382617,0.731906201005455,0.766363746109638
16Y7M,2032-09-06,0.987236462689679,0.871505739499652,0.804389106726903,0.907484027157332,0.670422797733254,0.988597660298994,0.970669016166724,1.024894226032166,0.871505739499652,0.853461914848725,0.868969837376085,0.848993112532786,0.838485048285591,0.763763243730512,0.756823317477692,0.796326917329378,0.907484027157332,0.928984899139021,0.753543864425556,0.715737759279820,0.730365353463863,0.764992595812686
16Y8M,2032-10-05,0.986803333634241,0.870521365122016,0.803063043564254,0.906458163949916,0.668917307952810,0.988100254982809,0.970095453762614,1.024340028269467,0.870521365122016,0.852442968105486,0.867952594080769,0.848026350564325,0.837453210163282,0.762563961633942,0.755673918915078,0.795249640804421,0.906458163949916,0.928005275109954,0.752213288285932,0.714291640606146,0.728971762522851,0.763752109984837
16Y9M,2032-11-05,0.986340543743315,0.869470332349161,0.801647945081813,0.905362833932373,0.667311729567026,0.987568822598890,0.969482710106174,1.023747941355796,0.869470332349161,0.851355094394729,0.866866512876687,0.846994132692837,0.836351614905512,0.761284052784406,0.754447181758384,0.794099680869450,0.905362833932373,0.926959233119985,0.750793546281153,0.712749020489272,0.727485002207240,0.762428297729586
16Y10M,2032-12-06,0.985877970891058,0.868420568551352,0.800235340181576,0.904268827470506,0.665710004993846,0.987037676036553,0.968870353478441,1.023156196678984,0.868420568551352,0.850268609010528,0.865781790701186,0.845963171237183,0.835251468698384,0.760006292169962,0.753222436048018,0.792951383818413,0.904268827470506,0.925914370222284,0.749376483925074,0.711209731892312,0.726001274184990,0.761106780039370
16Y11M,2033-01-05,0.985430526297563,0.867405874892024,0.798870673264985,0.903211370234539,0.664163609585333,0.986523935229716,0.968278118562934,1.022583866208881,0.867405874892024,0.849218491744918,0.864733351938052,0.844966661437437,0.834188188972437,0.758771791649600,0.752039091340902,0.791841709629828,0.903211370234539,0.924904333980383,0.748007679876557,0.709723263039943,0.724568289678966,0.759830072937471
17Y,2033-02-07,0.984938571792204,0.866291081186463,0.797372227431588,0.902049595488422,0.662466723262653,0.985959129178853,0.967627078270620,1.021954672456667,0.866291081186463,0.848064860655269,0.863581535663785,0.843871856398366,0.833020144570440,0.757416156998662,0.750739559294012,0.790622861541978,0.902049595488422,0.923794566647952,0.746504883029826,0.708091735411509,0.722995273345247,0.758428168527045
17Y1M,2033-03-07,0.984521348452046,0.865346319252043,0.796103023176488,0.901065019178698,0.661030341222426,0.985480153393229,0.967075023736211,1.021421114699253,0.865346319252043,0.847087251218283,0.862605440222362,0.842944043391206,0.832030359264304,0.756267821054949,0.749638687212929,0.789590158785833,0.901065019178698,0.922853990176467,0.745232150603470,0.706710350516218,0.721663271153932,0.757240702449544
17Y2M,2033-04-05,0.984089410595384,0.864368902000675,0.794790619908121,0.900046412323918,0.659545942979051,0.984984316626688,0.966503585000318,1.020868794974776,0.864368902000675,0.846075915175220,0.861595647289595,0.841984169594044,0.831006464270157,0.755080308477658,0.748500200052632,0.788521995794119,0.900046412323918,0.921880831253287,0.743916250939381,0.705282471350267,0.720286284427534,0.756012786826829
17Y3M,2033-05-05,0.983642777747011,0.863358942453489,0.793435238047131,0.898993892804828,0.658013866233508,0.984471644567828,0.965912796803584,1.020297744025529,0.863358942453489,0.845030976061713,0.860552277834995,0.840992346894476,0.829948588458257,0.753853809377144,0.747324274180515,0.787418520191805,0.898993892804828,0.920875195008484,0.742557420501161,0.703808390810067,0.718864580193413,0.754744624567102
17Y4M,2033-06-06,0.983166592800300,0.862282952938579,0.791992044948849,0.897872561922399,0.656383573536162,0.983925088484643,0.965283020764040,1.019688975094778,0.862282952938579,0.843917796767282,0.859440743029010,0.839935690403119,0.828821671892771,0.752547739480157,0.746071989457440,0.786243181579728,0.897872561922399,0.919803725456998,0.741110737001191,0.702239433926052,0.717351188559885,0.753394262782177
17Y5M,2033-07-05,0.982735249313941,0.861308995789848,0.790686418769759,0.896857563973498,0.654909609993528,0.983430034137062,0.964712640911779,1.019137592001486,0.861308995789848,0.842910244730552,0.858434654789851,0.838979242265381,0.827801725503263,0.751366068277489,0.744938919092818,0.785179546401773,0.896857563973498,0.918833783069003,0.739802114756320,0.700820588062991,0.715982429604987,0.752172584414466
17Y6M,2033-08-05,0.982274367268514,0.860269085664262,0.789293129462954,0.895773834960568,0.653337653786166,0.982901113549476,0.964103297213988,1.018548512189313,0.860269085664262,0.841834536524749,0.857360483516146,0.837958036536222,0.826712825915655,0.750104954287826,0.743729608795553,0.784044148189952,0.895773834960568,0.917798079129951,0.738405797842088,0.699307060708047,0.714522161433107,0.750868842961848
17Y7M,2033-09-05,0.981813701367018,0.859230431084681,0.787902295307833,0.894691415485094,0.651769470689292,0.982372477432547,0.963494338397379,1.017959772875841,0.859230431084681,0.840760201120085,0.856287656367959,0.836938073818915,0.825625358678663,0.748845956987433,0.742522261654403,0.782910391805284,0.894691415485094,0.916763542630178,0.737012116363584,0.697796802042826,0.713064871523046,0.749567361285523
17Y8M,2033-10-05,0.981368101358226,0.858226475510738,0.786558660327068,0.893645158130510,0.650255458117267,0.981861164803431,0.962905389642735,1.017390349167861,0.858226475510738,0.839721827135584,0.855250714749445,0.835952195212496,0.824574333043857,0.747629584526972,0.741355727379542,0.781814769209131,0.893645158130510,0.915763488593769,0.735665896952747,0.696338366977885,0.711657420945457,0.748310010807768
17Y9M,2033-11-07,0.980878174929122,0.857123479208155,0.785083308199704,0.892495688127230,0.648594106038951,0.981299028288356,0.962257961807359,1.016764350976013,0.857123479208155,0.838581096904369,0.854111529254149,0.834869070022463,0.823419750125429,0.746293856733708,0.740074656306285,0.780611355161962,0.892495688127230,0.914664689110907,0.734187895563282,0.694737608846332,0.710112433726025,0.746929361183752
17Y10M,2033-12-05,0.980462671586932,0.856188715300457,0.783833664631625,0.891521539792753,0.647187803061613,0.980822316364812,0.961708970483102,1.016233503061182,0.856188715300457,0.837614419905893,0.853146137642885,0.833951155321825,0.822441371901603,0.745162383563589,0.738989423062668,0.779591729323694,0.891521539792753,0.913733408372813,0.732936162636996,0.693382275926802,0.708804166089050,0.745759898714527
17Y11M,2034-01-05,0.980002855332390,0.855154987197296,0.782452450742883,0.890444258631132,0.645634381232360,0.980294798292472,0.961101524000676,1.015646101864518,0.855154987197296,0.836545470144724,0.852078583964553,0.832936069781265,0.821359523382682,0.743911682013228,0.737789770989222,0.778464411298815,0.890444258631132,0.912703453545581,0.731552804654464,0.691884812724488,0.707358538206244,0.744467272376103
18Y,2034-02-06,0.979528432484990,0.854089222131803,0.781029234426672,0.889333591857669,0.644034759900816,0.979750561098564,0.960474884915463,1.015040108373820,0.854089222131803,0.835443469007968,0.850977994229442,0.831889535519366,0.820244269177793,0.742622837091562,0.736553463149411,0.777302438018704,0.889333591857669,0.911641492092703,0.730127560838119,0.690342436341876,0.705869369699239,0.743135298458012
18Y1M,2034-03-06,0.979113500898305,0.853157767331918,0.779786043864487,0.888362894913328,0.642638342647058,0.979274601415419,0.959926910879483,1.014510160677993,0.853157767331918,0.834480408919923,0.850016144413743,0.830974896731826,0.819269664025245,0.741496929638210,0.735473393325238,0.776287134251071,0.888362894913328,0.910713289471851,0.728882750464899,0.688995677770281,0.704568919223440,0.741971776328254
18Y2M,2034-04-05,0.978669126386114,0.852160907275548,0.778456249786860,0.887324038167577,0.641145541014292,0.978764901192154,0.959340142762451,1.013942666605172,0.852160907275548,0.833449790741227,0.848986797429705,0.829996042502599,0.818226729224784,0.740292494418507,0.734317933124421,0.775200780392072,0.887324038167577,0.909719835370770,0.727551380077473,0.687555637556409,0.703178237993843,0.740727166950055
18Y3M,2034-05-05,0.978224953555042,0.851165211986131,0.777128723449600,0.886286396266957,0.639656207049989,0.978255466261502,0.958753733315252,1.013375489975720,0.851165211986131,0.832420445419053,0.847958696957537,0.829018341323368,0.817185122086076,0.739090015598271,0.733164288201066,0.774115946801354,0.886286396266957,0.908727464981833,0.726222441558695,0.686118607108613,0.701790301696968,0.739484645323107
18Y4M,2034-06-05,0.977766186742926,0.850137549060493,0.775759324513827,0.885215441056249,0.638120863042349,0.977729328724449,0.958148153456179,1.012789740761894,0.850137549060493,0.831358124122790,0.846897634396189,0.828009260005156,0.816110187696566,0.737849506081481,0.731974092467450,0.772996546957371,0.885215441056249,0.907703152824020,0.724851755184032,0.684636830890444,0.700358978806171,0.738202895887328
18Y5M,2034-07-05,0.977322423714561,0.849144217935198,0.774436397329480,0.884180264961379,0.636638555182646,0.977220432796358,0.957562472628328,1.012223209053122,0.849144217935198,0.830331362096302,0.845872063844990,0.827033899173941,0.815071274926895,0.736650995478883,0.730824129818153,0.771914798021019,0.884180264961379,0.906712982338795,0.723527747774734,0.683205900914845,0.698976607175473,0.736964608560845
18Y6M,2034-08-07,0.976834517000993,0.848052894188532,0.772983782993211,0.883042969377311,0.635011993231361,0.976660953199605,0.956918637205284,1.011600390191972,0.848052894188532,0.829203388455435,0.844745370619963,0.825962329227314,0.813929998351067,0.735334882220444,0.729561257464476,0.770726622576219,0.883042969377311,0.905625042310057,0.722074132728886,0.681635331988475,0.697459149627805,0.735604891471635
18Y7M,2034-09-05,0.976405951578566,0.847095010032314,0.771709492589002,0.882044735506805,0.633586021337951,0.976169553745873,0.956353199816275,1.011053380892133,0.847095010032314,0.828213403926015,0.843756485243794,0.825021792778324,0.812928377626992,0.734180239120676,0.728453262188296,0.769683978305892,0.882044735506805,0.904670051487716,0.720799124521127,0.680258115865050,0.696128346149741,0.734412059739980
18Y8M,2034-10-05,0.975962805898280,0.846105233918464,0.770393471712548,0.881013267253479,0.632114247582194,0.975661469661216,0.955768616177758,1.010487820463859,0.846105233918464,0.827190525760390,0.842734718540825,0.824049951060551,0.811893515319088,0.732987688616066,0.727308830914163,0.768606865053398,0.881013267253479,0.903683189669441,0.719482519608941,0.678836337653279,0.694754324960376,0.733180131294483
18Y9M,2034-11-06,0.975490338853096,0.845050747406029,0.768992189682180,0.879914363921312,0.630548123683285,0.975119804785122,0.955145454153392,1.009884904703629,0.845050747406029,0.826100848113168,0.841646197836160,0.823014581674366,0.810791114201057,0.731717769776291,0.726090085893589,0.767459605619134,0.879914363921312,0.902631723599805,0.718080791660506,0.677323049435935,0.693291691507954,0.731868351920985
18Y10M,2034-12-05,0.975062363160317,0.844096254204382,0.767724479557099,0.878919666775566,0.629132175777735,0.974629180748372,0.954581064527438,1.009338823029486,0.844096254204382,0.825114567701439,0.840660940448674,0.822077401872427,0.809793356181910,0.730568806366180,0.724987362336081,0.766421380991792,0.878919666775566,0.901679889262503,0.716812834726858,0.675954546101858,0.691968839847231,0.730681579234061
18Y11M,2035-01-05,0.974605079536201,0.843077126056403,0.766371652086503,0.877857613244234,0.627622092227465,0.974104993545352,0.953978120260894,1.008755407081576,0.843077126056403,0.824061570046288,0.839609009671978,0.821076769067332,0.808728145003402,0.729342599087174,0.723810440765480,0.765313107770122,0.877857613244234,0.900663521089846,0.715459908227320,0.674494720700536,0.690557548129752,0.729415088161067
19Y,2035-02-05,0.974148010368433,0.842059228363099,0.765021208468726,0.876796843058520,0.626115633276948,0.973581088267222,0.953375556833445,1.008172328358550,0.842059228363099,0.823009916209444,0.838558395190955,0.820077354232721,0.807664335015513,0.728118449909031,0.722635429772161,0.764206437151883,0.876796843058520,0.899648298561308,0.714109535267597,0.673038048011500,0.689149134785109,0.728150792298249
19Y1M,2035-03-05,0.973735357946918,0.841140893264468,0.763803498421114,0.875839829825064,0.624758068860255,0.973108125694209,0.952831633134983,1.007645966298565,0.841140893264468,0.822061188938517,0.837610583093184,0.819175702601179,0.806704677201355,0.727014532888534,0.721575769122087,0.763208239234393,0.875839829825064,0.898732307005622,0.712892034374882,0.671725047806888,0.687879488645612,0.727010731312856
19Y2M,2035-04-05,0.973278696660180,0.840125333301404,0.762457580214366,0.874781497853088,0.623258484323002,0.972584756563960,0.952229793865874,1.007063528852216,0.840125333301404,0.821012087955178,0.836562469271252,0.818178601745113,0.805643528905496,0.725794291202326,0.720404385824086,0.762104612332693,0.874781497853088,0.897719261330037,0.711546508070261,0.670274356642596,0.686476537285601,0.725750602924039
19Y3M,2035-05-07,0.972807529001768,0.839078299437048,0.761070732914508,0.873690367516419,0.621714301430069,0.972044799808429,0.951608939156938,1.006462656223371,0.839078299437048,0.819930549310230,0.835481920969974,0.817150609357530,0.804549614112187,0.724536835096973,0.719197210521513,0.760967058472392,0.873690367516419,0.896674734493490,0.710160241413614,0.668780155124449,0.685031330668436,0.724452116193993
19Y4M,2035-06-05,0.972380730334901,0.838130552174626,0.759816081583892,0.872702706272929,0.620318190602210,0.971555722936805,0.951046639236136,1.005918425084047,0.838130552174626,0.818951635607854,0.834503879677964,0.816220106954189,0.803559536871302,0.723399147388420,0.718104955273929,0.759937617007438,0.872702706272929,0.895729181861815,0.708906270255272,0.667428912356593,0.683724240385195,0.723277369421262
19Y5M,2035-07-05,0.971939411517102,0.837151250454032,0.758520342921568,0.871682162643025,0.618877237041998,0.971050040293571,0.950465299303493,1.005355737034088,0.837151250454032,0.817940196113160,0.833493317634690,0.815258633260080,0.802536601149348,0.722224108927447,0.716976781633170,0.758874143034459,0.871682162643025,0.894752073215806,0.707611388719009,0.666033947910946,0.682374702474308,0.722064118694293
19Y6M,2035-08-06,0.971468892211364,0.836107923138370,0.757140657130823,0.870594898161634,0.617343909110964,0.970510935577322,0.949845595046648,1.004755883373093,0.836107923138370,0.816862704144003,0.832416733611884,0.814234309637932,0.801446904988861,0.720972838248948,0.715775349936838,0.757741411127419,0.870594898161634,0.893710998803360,0.706232788637470,0.664549199275938,0.680938131256155,0.720772227688499
19Y7M,2035-09-05,0.971027987234883,0.835130984729900,0.755849480955377,0.869576819414817,0.615909864588032,0.970005796732886,0.949264989268272,1.004193845622712,0.835130984729900,0.815853844566965,0.831408699047085,0.813275175131335,0.800426658658943,0.719801740913103,0.714650836205840,0.756681010574864,0.869576819414817,0.892736091697901,0.704942790457623,0.663160253594667,0.679594092579713,0.719563179173789
19Y8M,2035-10-05,0.970587282364859,0.834155187811217,0.754560506663954,0.868559931215219,0.614479151245117,0.969500920806922,0.948684738392915,1.003632122263557,0.834155187811217,0.814846230973666,0.830401885185382,0.812317170445713,0.799407711108230,0.718632545825023,0.713528089134075,0.755622093970942,0.868559931215219,0.891762248072544,0.703655148576339,0.661774210888987,0.678252706772718,0.718356158759296
19Y9M,2035-11-05,0.970132097458982,0.833148062110271,0.753230875775759,0.867510395999442,0.613004238827655,0.968979491748526,0.948085518436614,1.003052004891071,0.833148062110271,0.813806337601144,0.829362791707829,0.811328417796585,0.798356161322649,0.717426372702187,0.712369770185417,0.754529436911498,0.867510395999442,0.890757059005657,0.702327056149803,0.660345010052087,0.676869389530228,0.717111031349279
19Y10M,2035-12-05,0.969691799192055,0.832174582109313,0.751946367075490,0.866495924287427,0.611580275039803,0.968475150001513,0.947505988528521,1.002490920251834,0.832174582109313,0.812801252764515,0.828358455385598,0.810372706310984,0.797339849526463,0.716261035994389,0.711250606766067,0.753473531268661,0.866495924287427,0.889785374213565,0.701044192144242,0.658964851365776,0.675533381754089,0.715908124253211
19Y11M,2036-01-07,0.969207701899865,0.831105067810510,0.750535937404718,0.865381375560931,0.610017735043697,0.967920677266188,0.946868914774695,1.001874089647990,0.831105067810510,0.811697093111835,0.827255090113863,0.809322723911814,0.796223400792185,0.714981351786045,0.710021557681379,0.752313741677303,0.865381375560931,0.888717745157350,0.699635748047054,0.657450008303475,0.674066818755669,0.714587256874312
20Y,2036-02-05,0.968782482580773,0.830166326392300,0.749298653047542,0.864403107198069,0.608647889821991,0.967433675415130,0.946309415705404,1.001332339714303,0.830166326392300,0.810728009318952,0.826286679407600,0.808401135246207,0.795243569773741,0.713858668360760,0.708943237631009,0.751296006478762,0.864403107198069,0.887780583251897,0.698400360597527,0.656121657630776,0.672780649569522,0.713428506620040
